case_id,seed,episode,task,stress,condition,expected,predicted,correct
site-100-case-00,100,day_normal,daily_output,clean,full_cross,normal,normal,True
site-100-case-00,100,day_normal,daily_output,clean,recent_cross,normal,unknown,False
site-100-case-00,100,day_normal,daily_output,clean,full_inverter,normal,normal,True
site-100-case-00,100,day_normal,daily_output,clean,recent_inverter,normal,unknown,False
site-100-case-00,100,day_normal,daily_output,moderate,full_cross,normal,normal,True
site-100-case-00,100,day_normal,daily_output,moderate,recent_cross,normal,unknown,False
site-100-case-00,100,day_normal,daily_output,moderate,full_inverter,normal,normal,True
site-100-case-00,100,day_normal,daily_output,moderate,recent_inverter,normal,unknown,False
site-100-case-00,100,day_normal,daily_output,severe,full_cross,normal,normal,True
site-100-case-00,100,day_normal,daily_output,severe,recent_cross,normal,unknown,False
site-100-case-00,100,day_normal,daily_output,severe,full_inverter,normal,normal,True
site-100-case-00,100,day_normal,daily_output,severe,recent_inverter,normal,unknown,False
site-100-case-01,100,day_weather,daily_output,clean,full_cross,weather_loss,weather_loss,True
site-100-case-01,100,day_weather,daily_output,clean,recent_cross,weather_loss,unknown,False
site-100-case-01,100,day_weather,daily_output,clean,full_inverter,weather_loss,unknown,False
site-100-case-01,100,day_weather,daily_output,clean,recent_inverter,weather_loss,unknown,False
site-100-case-01,100,day_weather,daily_output,moderate,full_cross,weather_loss,weather_loss,True
site-100-case-01,100,day_weather,daily_output,moderate,recent_cross,weather_loss,unknown,False
site-100-case-01,100,day_weather,daily_output,moderate,full_inverter,weather_loss,unknown,False
site-100-case-01,100,day_weather,daily_output,moderate,recent_inverter,weather_loss,unknown,False
site-100-case-01,100,day_weather,daily_output,severe,full_cross,weather_loss,weather_loss,True
site-100-case-01,100,day_weather,daily_output,severe,recent_cross,weather_loss,unknown,False
site-100-case-01,100,day_weather,daily_output,severe,full_inverter,weather_loss,unknown,False
site-100-case-01,100,day_weather,daily_output,severe,recent_inverter,weather_loss,unknown,False
site-100-case-02,100,day_derating,daily_output,clean,full_cross,pv_loss,pv_loss,True
site-100-case-02,100,day_derating,daily_output,clean,recent_cross,pv_loss,pv_loss,True
site-100-case-02,100,day_derating,daily_output,clean,full_inverter,pv_loss,unknown,False
site-100-case-02,100,day_derating,daily_output,clean,recent_inverter,pv_loss,unknown,False
site-100-case-02,100,day_derating,daily_output,moderate,full_cross,pv_loss,pv_loss,True
site-100-case-02,100,day_derating,daily_output,moderate,recent_cross,pv_loss,pv_loss,True
site-100-case-02,100,day_derating,daily_output,moderate,full_inverter,pv_loss,unknown,False
site-100-case-02,100,day_derating,daily_output,moderate,recent_inverter,pv_loss,unknown,False
site-100-case-02,100,day_derating,daily_output,severe,full_cross,pv_loss,unknown,False
site-100-case-02,100,day_derating,daily_output,severe,recent_cross,pv_loss,unknown,False
site-100-case-02,100,day_derating,daily_output,severe,full_inverter,pv_loss,unknown,False
site-100-case-02,100,day_derating,daily_output,severe,recent_inverter,pv_loss,unknown,False
site-100-case-03,100,alarm_normal,alarm,clean,full_cross,normal,normal,True
site-100-case-03,100,alarm_normal,alarm,clean,recent_cross,normal,normal,True
site-100-case-03,100,alarm_normal,alarm,clean,full_inverter,normal,normal,True
site-100-case-03,100,alarm_normal,alarm,clean,recent_inverter,normal,normal,True
site-100-case-03,100,alarm_normal,alarm,moderate,full_cross,normal,normal,True
site-100-case-03,100,alarm_normal,alarm,moderate,recent_cross,normal,normal,True
site-100-case-03,100,alarm_normal,alarm,moderate,full_inverter,normal,normal,True
site-100-case-03,100,alarm_normal,alarm,moderate,recent_inverter,normal,normal,True
site-100-case-03,100,alarm_normal,alarm,severe,full_cross,normal,normal,True
site-100-case-03,100,alarm_normal,alarm,severe,recent_cross,normal,normal,True
site-100-case-03,100,alarm_normal,alarm,severe,full_inverter,normal,normal,True
site-100-case-03,100,alarm_normal,alarm,severe,recent_inverter,normal,normal,True
site-100-case-04,100,alarm_overload,alarm,clean,full_cross,overload,overload,True
site-100-case-04,100,alarm_overload,alarm,clean,recent_cross,overload,overload,True
site-100-case-04,100,alarm_overload,alarm,clean,full_inverter,overload,unknown,False
site-100-case-04,100,alarm_overload,alarm,clean,recent_inverter,overload,unknown,False
site-100-case-04,100,alarm_overload,alarm,moderate,full_cross,overload,overload,True
site-100-case-04,100,alarm_overload,alarm,moderate,recent_cross,overload,overload,True
site-100-case-04,100,alarm_overload,alarm,moderate,full_inverter,overload,unknown,False
site-100-case-04,100,alarm_overload,alarm,moderate,recent_inverter,overload,unknown,False
site-100-case-04,100,alarm_overload,alarm,severe,full_cross,overload,unknown,False
site-100-case-04,100,alarm_overload,alarm,severe,recent_cross,overload,unknown,False
site-100-case-04,100,alarm_overload,alarm,severe,full_inverter,overload,unknown,False
site-100-case-04,100,alarm_overload,alarm,severe,recent_inverter,overload,unknown,False
site-100-case-05,100,alarm_thermal,alarm,clean,full_cross,thermal,thermal,True
site-100-case-05,100,alarm_thermal,alarm,clean,recent_cross,thermal,thermal,True
site-100-case-05,100,alarm_thermal,alarm,clean,full_inverter,thermal,thermal,True
site-100-case-05,100,alarm_thermal,alarm,clean,recent_inverter,thermal,thermal,True
site-100-case-05,100,alarm_thermal,alarm,moderate,full_cross,thermal,thermal,True
site-100-case-05,100,alarm_thermal,alarm,moderate,recent_cross,thermal,thermal,True
site-100-case-05,100,alarm_thermal,alarm,moderate,full_inverter,thermal,thermal,True
site-100-case-05,100,alarm_thermal,alarm,moderate,recent_inverter,thermal,thermal,True
site-100-case-05,100,alarm_thermal,alarm,severe,full_cross,thermal,thermal,True
site-100-case-05,100,alarm_thermal,alarm,severe,recent_cross,thermal,thermal,True
site-100-case-05,100,alarm_thermal,alarm,severe,full_inverter,thermal,thermal,True
site-100-case-05,100,alarm_thermal,alarm,severe,recent_inverter,thermal,thermal,True
site-100-case-06,100,alarm_unexplained,alarm,clean,full_cross,unknown,unknown,True
site-100-case-06,100,alarm_unexplained,alarm,clean,recent_cross,unknown,unknown,True
site-100-case-06,100,alarm_unexplained,alarm,clean,full_inverter,unknown,unknown,True
site-100-case-06,100,alarm_unexplained,alarm,clean,recent_inverter,unknown,unknown,True
site-100-case-06,100,alarm_unexplained,alarm,moderate,full_cross,unknown,unknown,True
site-100-case-06,100,alarm_unexplained,alarm,moderate,recent_cross,unknown,unknown,True
site-100-case-06,100,alarm_unexplained,alarm,moderate,full_inverter,unknown,unknown,True
site-100-case-06,100,alarm_unexplained,alarm,moderate,recent_inverter,unknown,unknown,True
site-100-case-06,100,alarm_unexplained,alarm,severe,full_cross,unknown,unknown,True
site-100-case-06,100,alarm_unexplained,alarm,severe,recent_cross,unknown,unknown,True
site-100-case-06,100,alarm_unexplained,alarm,severe,full_inverter,unknown,unknown,True
site-100-case-06,100,alarm_unexplained,alarm,severe,recent_inverter,unknown,unknown,True
site-100-case-07,100,trend_stable,pv_trend,clean,full_cross,normal,normal,True
site-100-case-07,100,trend_stable,pv_trend,clean,recent_cross,normal,unknown,False
site-100-case-07,100,trend_stable,pv_trend,clean,full_inverter,normal,normal,True
site-100-case-07,100,trend_stable,pv_trend,clean,recent_inverter,normal,unknown,False
site-100-case-07,100,trend_stable,pv_trend,moderate,full_cross,normal,normal,True
site-100-case-07,100,trend_stable,pv_trend,moderate,recent_cross,normal,unknown,False
site-100-case-07,100,trend_stable,pv_trend,moderate,full_inverter,normal,normal,True
site-100-case-07,100,trend_stable,pv_trend,moderate,recent_inverter,normal,unknown,False
site-100-case-07,100,trend_stable,pv_trend,severe,full_cross,normal,normal,True
site-100-case-07,100,trend_stable,pv_trend,severe,recent_cross,normal,unknown,False
site-100-case-07,100,trend_stable,pv_trend,severe,full_inverter,normal,normal,True
site-100-case-07,100,trend_stable,pv_trend,severe,recent_inverter,normal,unknown,False
site-100-case-08,100,trend_decline,pv_trend,clean,full_cross,pv_decline,pv_decline,True
site-100-case-08,100,trend_decline,pv_trend,clean,recent_cross,pv_decline,unknown,False
site-100-case-08,100,trend_decline,pv_trend,clean,full_inverter,pv_decline,pv_decline,True
site-100-case-08,100,trend_decline,pv_trend,clean,recent_inverter,pv_decline,unknown,False
site-100-case-08,100,trend_decline,pv_trend,moderate,full_cross,pv_decline,pv_decline,True
site-100-case-08,100,trend_decline,pv_trend,moderate,recent_cross,pv_decline,unknown,False
site-100-case-08,100,trend_decline,pv_trend,moderate,full_inverter,pv_decline,pv_decline,True
site-100-case-08,100,trend_decline,pv_trend,moderate,recent_inverter,pv_decline,unknown,False
site-100-case-08,100,trend_decline,pv_trend,severe,full_cross,pv_decline,pv_decline,True
site-100-case-08,100,trend_decline,pv_trend,severe,recent_cross,pv_decline,unknown,False
site-100-case-08,100,trend_decline,pv_trend,severe,full_inverter,pv_decline,pv_decline,True
site-100-case-08,100,trend_decline,pv_trend,severe,recent_inverter,pv_decline,unknown,False
site-100-case-09,100,trend_weather,pv_trend,clean,full_cross,normal,normal,True
site-100-case-09,100,trend_weather,pv_trend,clean,recent_cross,normal,unknown,False
site-100-case-09,100,trend_weather,pv_trend,clean,full_inverter,normal,pv_decline,False
site-100-case-09,100,trend_weather,pv_trend,clean,recent_inverter,normal,unknown,False
site-100-case-09,100,trend_weather,pv_trend,moderate,full_cross,normal,normal,True
site-100-case-09,100,trend_weather,pv_trend,moderate,recent_cross,normal,unknown,False
site-100-case-09,100,trend_weather,pv_trend,moderate,full_inverter,normal,pv_decline,False
site-100-case-09,100,trend_weather,pv_trend,moderate,recent_inverter,normal,unknown,False
site-100-case-09,100,trend_weather,pv_trend,severe,full_cross,normal,normal,True
site-100-case-09,100,trend_weather,pv_trend,severe,recent_cross,normal,unknown,False
site-100-case-09,100,trend_weather,pv_trend,severe,full_inverter,normal,pv_decline,False
site-100-case-09,100,trend_weather,pv_trend,severe,recent_inverter,normal,unknown,False
site-100-case-10,100,trend_low_efficiency,pv_trend,clean,full_cross,normal,normal,True
site-100-case-10,100,trend_low_efficiency,pv_trend,clean,recent_cross,normal,unknown,False
site-100-case-10,100,trend_low_efficiency,pv_trend,clean,full_inverter,normal,normal,True
site-100-case-10,100,trend_low_efficiency,pv_trend,clean,recent_inverter,normal,unknown,False
site-100-case-10,100,trend_low_efficiency,pv_trend,moderate,full_cross,normal,normal,True
site-100-case-10,100,trend_low_efficiency,pv_trend,moderate,recent_cross,normal,unknown,False
site-100-case-10,100,trend_low_efficiency,pv_trend,moderate,full_inverter,normal,normal,True
site-100-case-10,100,trend_low_efficiency,pv_trend,moderate,recent_inverter,normal,unknown,False
site-100-case-10,100,trend_low_efficiency,pv_trend,severe,full_cross,normal,normal,True
site-100-case-10,100,trend_low_efficiency,pv_trend,severe,recent_cross,normal,unknown,False
site-100-case-10,100,trend_low_efficiency,pv_trend,severe,full_inverter,normal,normal,True
site-100-case-10,100,trend_low_efficiency,pv_trend,severe,recent_inverter,normal,unknown,False
site-100-case-11,100,day_missing,daily_output,clean,full_cross,unknown,unknown,True
site-100-case-11,100,day_missing,daily_output,clean,recent_cross,unknown,unknown,True
site-100-case-11,100,day_missing,daily_output,clean,full_inverter,unknown,unknown,True
site-100-case-11,100,day_missing,daily_output,clean,recent_inverter,unknown,unknown,True
site-100-case-11,100,day_missing,daily_output,moderate,full_cross,unknown,unknown,True
site-100-case-11,100,day_missing,daily_output,moderate,recent_cross,unknown,unknown,True
site-100-case-11,100,day_missing,daily_output,moderate,full_inverter,unknown,unknown,True
site-100-case-11,100,day_missing,daily_output,moderate,recent_inverter,unknown,unknown,True
site-100-case-11,100,day_missing,daily_output,severe,full_cross,unknown,unknown,True
site-100-case-11,100,day_missing,daily_output,severe,recent_cross,unknown,unknown,True
site-100-case-11,100,day_missing,daily_output,severe,full_inverter,unknown,unknown,True
site-100-case-11,100,day_missing,daily_output,severe,recent_inverter,unknown,unknown,True
site-101-case-00,101,day_normal,daily_output,clean,full_cross,normal,normal,True
site-101-case-00,101,day_normal,daily_output,clean,recent_cross,normal,unknown,False
site-101-case-00,101,day_normal,daily_output,clean,full_inverter,normal,normal,True
site-101-case-00,101,day_normal,daily_output,clean,recent_inverter,normal,unknown,False
site-101-case-00,101,day_normal,daily_output,moderate,full_cross,normal,normal,True
site-101-case-00,101,day_normal,daily_output,moderate,recent_cross,normal,unknown,False
site-101-case-00,101,day_normal,daily_output,moderate,full_inverter,normal,normal,True
site-101-case-00,101,day_normal,daily_output,moderate,recent_inverter,normal,unknown,False
site-101-case-00,101,day_normal,daily_output,severe,full_cross,normal,unknown,False
site-101-case-00,101,day_normal,daily_output,severe,recent_cross,normal,unknown,False
site-101-case-00,101,day_normal,daily_output,severe,full_inverter,normal,normal,True
site-101-case-00,101,day_normal,daily_output,severe,recent_inverter,normal,unknown,False
site-101-case-01,101,day_weather,daily_output,clean,full_cross,weather_loss,weather_loss,True
site-101-case-01,101,day_weather,daily_output,clean,recent_cross,weather_loss,unknown,False
site-101-case-01,101,day_weather,daily_output,clean,full_inverter,weather_loss,unknown,False
site-101-case-01,101,day_weather,daily_output,clean,recent_inverter,weather_loss,unknown,False
site-101-case-01,101,day_weather,daily_output,moderate,full_cross,weather_loss,weather_loss,True
site-101-case-01,101,day_weather,daily_output,moderate,recent_cross,weather_loss,unknown,False
site-101-case-01,101,day_weather,daily_output,moderate,full_inverter,weather_loss,unknown,False
site-101-case-01,101,day_weather,daily_output,moderate,recent_inverter,weather_loss,unknown,False
site-101-case-01,101,day_weather,daily_output,severe,full_cross,weather_loss,weather_loss,True
site-101-case-01,101,day_weather,daily_output,severe,recent_cross,weather_loss,unknown,False
site-101-case-01,101,day_weather,daily_output,severe,full_inverter,weather_loss,unknown,False
site-101-case-01,101,day_weather,daily_output,severe,recent_inverter,weather_loss,unknown,False
site-101-case-02,101,day_derating,daily_output,clean,full_cross,pv_loss,pv_loss,True
site-101-case-02,101,day_derating,daily_output,clean,recent_cross,pv_loss,pv_loss,True
site-101-case-02,101,day_derating,daily_output,clean,full_inverter,pv_loss,unknown,False
site-101-case-02,101,day_derating,daily_output,clean,recent_inverter,pv_loss,unknown,False
site-101-case-02,101,day_derating,daily_output,moderate,full_cross,pv_loss,pv_loss,True
site-101-case-02,101,day_derating,daily_output,moderate,recent_cross,pv_loss,pv_loss,True
site-101-case-02,101,day_derating,daily_output,moderate,full_inverter,pv_loss,unknown,False
site-101-case-02,101,day_derating,daily_output,moderate,recent_inverter,pv_loss,unknown,False
site-101-case-02,101,day_derating,daily_output,severe,full_cross,pv_loss,unknown,False
site-101-case-02,101,day_derating,daily_output,severe,recent_cross,pv_loss,unknown,False
site-101-case-02,101,day_derating,daily_output,severe,full_inverter,pv_loss,unknown,False
site-101-case-02,101,day_derating,daily_output,severe,recent_inverter,pv_loss,unknown,False
site-101-case-03,101,alarm_normal,alarm,clean,full_cross,normal,normal,True
site-101-case-03,101,alarm_normal,alarm,clean,recent_cross,normal,normal,True
site-101-case-03,101,alarm_normal,alarm,clean,full_inverter,normal,normal,True
site-101-case-03,101,alarm_normal,alarm,clean,recent_inverter,normal,normal,True
site-101-case-03,101,alarm_normal,alarm,moderate,full_cross,normal,normal,True
site-101-case-03,101,alarm_normal,alarm,moderate,recent_cross,normal,normal,True
site-101-case-03,101,alarm_normal,alarm,moderate,full_inverter,normal,normal,True
site-101-case-03,101,alarm_normal,alarm,moderate,recent_inverter,normal,normal,True
site-101-case-03,101,alarm_normal,alarm,severe,full_cross,normal,normal,True
site-101-case-03,101,alarm_normal,alarm,severe,recent_cross,normal,normal,True
site-101-case-03,101,alarm_normal,alarm,severe,full_inverter,normal,normal,True
site-101-case-03,101,alarm_normal,alarm,severe,recent_inverter,normal,normal,True
site-101-case-04,101,alarm_overload,alarm,clean,full_cross,overload,overload,True
site-101-case-04,101,alarm_overload,alarm,clean,recent_cross,overload,overload,True
site-101-case-04,101,alarm_overload,alarm,clean,full_inverter,overload,unknown,False
site-101-case-04,101,alarm_overload,alarm,clean,recent_inverter,overload,unknown,False
site-101-case-04,101,alarm_overload,alarm,moderate,full_cross,overload,overload,True
site-101-case-04,101,alarm_overload,alarm,moderate,recent_cross,overload,overload,True
site-101-case-04,101,alarm_overload,alarm,moderate,full_inverter,overload,unknown,False
site-101-case-04,101,alarm_overload,alarm,moderate,recent_inverter,overload,unknown,False
site-101-case-04,101,alarm_overload,alarm,severe,full_cross,overload,overload,True
site-101-case-04,101,alarm_overload,alarm,severe,recent_cross,overload,overload,True
site-101-case-04,101,alarm_overload,alarm,severe,full_inverter,overload,unknown,False
site-101-case-04,101,alarm_overload,alarm,severe,recent_inverter,overload,unknown,False
site-101-case-05,101,alarm_thermal,alarm,clean,full_cross,thermal,thermal,True
site-101-case-05,101,alarm_thermal,alarm,clean,recent_cross,thermal,thermal,True
site-101-case-05,101,alarm_thermal,alarm,clean,full_inverter,thermal,thermal,True
site-101-case-05,101,alarm_thermal,alarm,clean,recent_inverter,thermal,thermal,True
site-101-case-05,101,alarm_thermal,alarm,moderate,full_cross,thermal,thermal,True
site-101-case-05,101,alarm_thermal,alarm,moderate,recent_cross,thermal,thermal,True
site-101-case-05,101,alarm_thermal,alarm,moderate,full_inverter,thermal,thermal,True
site-101-case-05,101,alarm_thermal,alarm,moderate,recent_inverter,thermal,thermal,True
site-101-case-05,101,alarm_thermal,alarm,severe,full_cross,thermal,thermal,True
site-101-case-05,101,alarm_thermal,alarm,severe,recent_cross,thermal,thermal,True
site-101-case-05,101,alarm_thermal,alarm,severe,full_inverter,thermal,thermal,True
site-101-case-05,101,alarm_thermal,alarm,severe,recent_inverter,thermal,thermal,True
site-101-case-06,101,alarm_unexplained,alarm,clean,full_cross,unknown,unknown,True
site-101-case-06,101,alarm_unexplained,alarm,clean,recent_cross,unknown,unknown,True
site-101-case-06,101,alarm_unexplained,alarm,clean,full_inverter,unknown,unknown,True
site-101-case-06,101,alarm_unexplained,alarm,clean,recent_inverter,unknown,unknown,True
site-101-case-06,101,alarm_unexplained,alarm,moderate,full_cross,unknown,unknown,True
site-101-case-06,101,alarm_unexplained,alarm,moderate,recent_cross,unknown,unknown,True
site-101-case-06,101,alarm_unexplained,alarm,moderate,full_inverter,unknown,unknown,True
site-101-case-06,101,alarm_unexplained,alarm,moderate,recent_inverter,unknown,unknown,True
site-101-case-06,101,alarm_unexplained,alarm,severe,full_cross,unknown,unknown,True
site-101-case-06,101,alarm_unexplained,alarm,severe,recent_cross,unknown,unknown,True
site-101-case-06,101,alarm_unexplained,alarm,severe,full_inverter,unknown,unknown,True
site-101-case-06,101,alarm_unexplained,alarm,severe,recent_inverter,unknown,unknown,True
site-101-case-07,101,trend_stable,pv_trend,clean,full_cross,normal,normal,True
site-101-case-07,101,trend_stable,pv_trend,clean,recent_cross,normal,unknown,False
site-101-case-07,101,trend_stable,pv_trend,clean,full_inverter,normal,normal,True
site-101-case-07,101,trend_stable,pv_trend,clean,recent_inverter,normal,unknown,False
site-101-case-07,101,trend_stable,pv_trend,moderate,full_cross,normal,normal,True
site-101-case-07,101,trend_stable,pv_trend,moderate,recent_cross,normal,unknown,False
site-101-case-07,101,trend_stable,pv_trend,moderate,full_inverter,normal,normal,True
site-101-case-07,101,trend_stable,pv_trend,moderate,recent_inverter,normal,unknown,False
site-101-case-07,101,trend_stable,pv_trend,severe,full_cross,normal,normal,True
site-101-case-07,101,trend_stable,pv_trend,severe,recent_cross,normal,unknown,False
site-101-case-07,101,trend_stable,pv_trend,severe,full_inverter,normal,normal,True
site-101-case-07,101,trend_stable,pv_trend,severe,recent_inverter,normal,unknown,False
site-101-case-08,101,trend_decline,pv_trend,clean,full_cross,pv_decline,pv_decline,True
site-101-case-08,101,trend_decline,pv_trend,clean,recent_cross,pv_decline,unknown,False
site-101-case-08,101,trend_decline,pv_trend,clean,full_inverter,pv_decline,normal,False
site-101-case-08,101,trend_decline,pv_trend,clean,recent_inverter,pv_decline,unknown,False
site-101-case-08,101,trend_decline,pv_trend,moderate,full_cross,pv_decline,pv_decline,True
site-101-case-08,101,trend_decline,pv_trend,moderate,recent_cross,pv_decline,unknown,False
site-101-case-08,101,trend_decline,pv_trend,moderate,full_inverter,pv_decline,normal,False
site-101-case-08,101,trend_decline,pv_trend,moderate,recent_inverter,pv_decline,unknown,False
site-101-case-08,101,trend_decline,pv_trend,severe,full_cross,pv_decline,pv_decline,True
site-101-case-08,101,trend_decline,pv_trend,severe,recent_cross,pv_decline,unknown,False
site-101-case-08,101,trend_decline,pv_trend,severe,full_inverter,pv_decline,normal,False
site-101-case-08,101,trend_decline,pv_trend,severe,recent_inverter,pv_decline,unknown,False
site-101-case-09,101,trend_weather,pv_trend,clean,full_cross,normal,normal,True
site-101-case-09,101,trend_weather,pv_trend,clean,recent_cross,normal,unknown,False
site-101-case-09,101,trend_weather,pv_trend,clean,full_inverter,normal,pv_decline,False
site-101-case-09,101,trend_weather,pv_trend,clean,recent_inverter,normal,unknown,False
site-101-case-09,101,trend_weather,pv_trend,moderate,full_cross,normal,normal,True
site-101-case-09,101,trend_weather,pv_trend,moderate,recent_cross,normal,unknown,False
site-101-case-09,101,trend_weather,pv_trend,moderate,full_inverter,normal,pv_decline,False
site-101-case-09,101,trend_weather,pv_trend,moderate,recent_inverter,normal,unknown,False
site-101-case-09,101,trend_weather,pv_trend,severe,full_cross,normal,normal,True
site-101-case-09,101,trend_weather,pv_trend,severe,recent_cross,normal,unknown,False
site-101-case-09,101,trend_weather,pv_trend,severe,full_inverter,normal,pv_decline,False
site-101-case-09,101,trend_weather,pv_trend,severe,recent_inverter,normal,unknown,False
site-101-case-10,101,trend_low_efficiency,pv_trend,clean,full_cross,normal,normal,True
site-101-case-10,101,trend_low_efficiency,pv_trend,clean,recent_cross,normal,unknown,False
site-101-case-10,101,trend_low_efficiency,pv_trend,clean,full_inverter,normal,normal,True
site-101-case-10,101,trend_low_efficiency,pv_trend,clean,recent_inverter,normal,unknown,False
site-101-case-10,101,trend_low_efficiency,pv_trend,moderate,full_cross,normal,normal,True
site-101-case-10,101,trend_low_efficiency,pv_trend,moderate,recent_cross,normal,unknown,False
site-101-case-10,101,trend_low_efficiency,pv_trend,moderate,full_inverter,normal,normal,True
site-101-case-10,101,trend_low_efficiency,pv_trend,moderate,recent_inverter,normal,unknown,False
site-101-case-10,101,trend_low_efficiency,pv_trend,severe,full_cross,normal,normal,True
site-101-case-10,101,trend_low_efficiency,pv_trend,severe,recent_cross,normal,unknown,False
site-101-case-10,101,trend_low_efficiency,pv_trend,severe,full_inverter,normal,normal,True
site-101-case-10,101,trend_low_efficiency,pv_trend,severe,recent_inverter,normal,unknown,False
site-101-case-11,101,day_missing,daily_output,clean,full_cross,unknown,unknown,True
site-101-case-11,101,day_missing,daily_output,clean,recent_cross,unknown,unknown,True
site-101-case-11,101,day_missing,daily_output,clean,full_inverter,unknown,unknown,True
site-101-case-11,101,day_missing,daily_output,clean,recent_inverter,unknown,unknown,True
site-101-case-11,101,day_missing,daily_output,moderate,full_cross,unknown,unknown,True
site-101-case-11,101,day_missing,daily_output,moderate,recent_cross,unknown,unknown,True
site-101-case-11,101,day_missing,daily_output,moderate,full_inverter,unknown,unknown,True
site-101-case-11,101,day_missing,daily_output,moderate,recent_inverter,unknown,unknown,True
site-101-case-11,101,day_missing,daily_output,severe,full_cross,unknown,unknown,True
site-101-case-11,101,day_missing,daily_output,severe,recent_cross,unknown,unknown,True
site-101-case-11,101,day_missing,daily_output,severe,full_inverter,unknown,unknown,True
site-101-case-11,101,day_missing,daily_output,severe,recent_inverter,unknown,unknown,True
site-102-case-00,102,day_normal,daily_output,clean,full_cross,normal,weather_loss,False
site-102-case-00,102,day_normal,daily_output,clean,recent_cross,normal,unknown,False
site-102-case-00,102,day_normal,daily_output,clean,full_inverter,normal,unknown,False
site-102-case-00,102,day_normal,daily_output,clean,recent_inverter,normal,unknown,False
site-102-case-00,102,day_normal,daily_output,moderate,full_cross,normal,weather_loss,False
site-102-case-00,102,day_normal,daily_output,moderate,recent_cross,normal,unknown,False
site-102-case-00,102,day_normal,daily_output,moderate,full_inverter,normal,unknown,False
site-102-case-00,102,day_normal,daily_output,moderate,recent_inverter,normal,unknown,False
site-102-case-00,102,day_normal,daily_output,severe,full_cross,normal,unknown,False
site-102-case-00,102,day_normal,daily_output,severe,recent_cross,normal,unknown,False
site-102-case-00,102,day_normal,daily_output,severe,full_inverter,normal,unknown,False
site-102-case-00,102,day_normal,daily_output,severe,recent_inverter,normal,unknown,False
site-102-case-01,102,day_weather,daily_output,clean,full_cross,weather_loss,weather_loss,True
site-102-case-01,102,day_weather,daily_output,clean,recent_cross,weather_loss,unknown,False
site-102-case-01,102,day_weather,daily_output,clean,full_inverter,weather_loss,unknown,False
site-102-case-01,102,day_weather,daily_output,clean,recent_inverter,weather_loss,unknown,False
site-102-case-01,102,day_weather,daily_output,moderate,full_cross,weather_loss,weather_loss,True
site-102-case-01,102,day_weather,daily_output,moderate,recent_cross,weather_loss,unknown,False
site-102-case-01,102,day_weather,daily_output,moderate,full_inverter,weather_loss,unknown,False
site-102-case-01,102,day_weather,daily_output,moderate,recent_inverter,weather_loss,unknown,False
site-102-case-01,102,day_weather,daily_output,severe,full_cross,weather_loss,unknown,False
site-102-case-01,102,day_weather,daily_output,severe,recent_cross,weather_loss,unknown,False
site-102-case-01,102,day_weather,daily_output,severe,full_inverter,weather_loss,unknown,False
site-102-case-01,102,day_weather,daily_output,severe,recent_inverter,weather_loss,unknown,False
site-102-case-02,102,day_derating,daily_output,clean,full_cross,pv_loss,pv_loss,True
site-102-case-02,102,day_derating,daily_output,clean,recent_cross,pv_loss,pv_loss,True
site-102-case-02,102,day_derating,daily_output,clean,full_inverter,pv_loss,unknown,False
site-102-case-02,102,day_derating,daily_output,clean,recent_inverter,pv_loss,unknown,False
site-102-case-02,102,day_derating,daily_output,moderate,full_cross,pv_loss,pv_loss,True
site-102-case-02,102,day_derating,daily_output,moderate,recent_cross,pv_loss,pv_loss,True
site-102-case-02,102,day_derating,daily_output,moderate,full_inverter,pv_loss,unknown,False
site-102-case-02,102,day_derating,daily_output,moderate,recent_inverter,pv_loss,unknown,False
site-102-case-02,102,day_derating,daily_output,severe,full_cross,pv_loss,pv_loss,True
site-102-case-02,102,day_derating,daily_output,severe,recent_cross,pv_loss,pv_loss,True
site-102-case-02,102,day_derating,daily_output,severe,full_inverter,pv_loss,unknown,False
site-102-case-02,102,day_derating,daily_output,severe,recent_inverter,pv_loss,unknown,False
site-102-case-03,102,alarm_normal,alarm,clean,full_cross,normal,normal,True
site-102-case-03,102,alarm_normal,alarm,clean,recent_cross,normal,normal,True
site-102-case-03,102,alarm_normal,alarm,clean,full_inverter,normal,normal,True
site-102-case-03,102,alarm_normal,alarm,clean,recent_inverter,normal,normal,True
site-102-case-03,102,alarm_normal,alarm,moderate,full_cross,normal,normal,True
site-102-case-03,102,alarm_normal,alarm,moderate,recent_cross,normal,normal,True
site-102-case-03,102,alarm_normal,alarm,moderate,full_inverter,normal,normal,True
site-102-case-03,102,alarm_normal,alarm,moderate,recent_inverter,normal,normal,True
site-102-case-03,102,alarm_normal,alarm,severe,full_cross,normal,normal,True
site-102-case-03,102,alarm_normal,alarm,severe,recent_cross,normal,normal,True
site-102-case-03,102,alarm_normal,alarm,severe,full_inverter,normal,normal,True
site-102-case-03,102,alarm_normal,alarm,severe,recent_inverter,normal,normal,True
site-102-case-04,102,alarm_overload,alarm,clean,full_cross,overload,overload,True
site-102-case-04,102,alarm_overload,alarm,clean,recent_cross,overload,overload,True
site-102-case-04,102,alarm_overload,alarm,clean,full_inverter,overload,unknown,False
site-102-case-04,102,alarm_overload,alarm,clean,recent_inverter,overload,unknown,False
site-102-case-04,102,alarm_overload,alarm,moderate,full_cross,overload,overload,True
site-102-case-04,102,alarm_overload,alarm,moderate,recent_cross,overload,overload,True
site-102-case-04,102,alarm_overload,alarm,moderate,full_inverter,overload,unknown,False
site-102-case-04,102,alarm_overload,alarm,moderate,recent_inverter,overload,unknown,False
site-102-case-04,102,alarm_overload,alarm,severe,full_cross,overload,overload,True
site-102-case-04,102,alarm_overload,alarm,severe,recent_cross,overload,overload,True
site-102-case-04,102,alarm_overload,alarm,severe,full_inverter,overload,unknown,False
site-102-case-04,102,alarm_overload,alarm,severe,recent_inverter,overload,unknown,False
site-102-case-05,102,alarm_thermal,alarm,clean,full_cross,thermal,thermal,True
site-102-case-05,102,alarm_thermal,alarm,clean,recent_cross,thermal,thermal,True
site-102-case-05,102,alarm_thermal,alarm,clean,full_inverter,thermal,thermal,True
site-102-case-05,102,alarm_thermal,alarm,clean,recent_inverter,thermal,thermal,True
site-102-case-05,102,alarm_thermal,alarm,moderate,full_cross,thermal,thermal,True
site-102-case-05,102,alarm_thermal,alarm,moderate,recent_cross,thermal,thermal,True
site-102-case-05,102,alarm_thermal,alarm,moderate,full_inverter,thermal,thermal,True
site-102-case-05,102,alarm_thermal,alarm,moderate,recent_inverter,thermal,thermal,True
site-102-case-05,102,alarm_thermal,alarm,severe,full_cross,thermal,thermal,True
site-102-case-05,102,alarm_thermal,alarm,severe,recent_cross,thermal,thermal,True
site-102-case-05,102,alarm_thermal,alarm,severe,full_inverter,thermal,thermal,True
site-102-case-05,102,alarm_thermal,alarm,severe,recent_inverter,thermal,thermal,True
site-102-case-06,102,alarm_unexplained,alarm,clean,full_cross,unknown,unknown,True
site-102-case-06,102,alarm_unexplained,alarm,clean,recent_cross,unknown,unknown,True
site-102-case-06,102,alarm_unexplained,alarm,clean,full_inverter,unknown,unknown,True
site-102-case-06,102,alarm_unexplained,alarm,clean,recent_inverter,unknown,unknown,True
site-102-case-06,102,alarm_unexplained,alarm,moderate,full_cross,unknown,unknown,True
site-102-case-06,102,alarm_unexplained,alarm,moderate,recent_cross,unknown,unknown,True
site-102-case-06,102,alarm_unexplained,alarm,moderate,full_inverter,unknown,unknown,True
site-102-case-06,102,alarm_unexplained,alarm,moderate,recent_inverter,unknown,unknown,True
site-102-case-06,102,alarm_unexplained,alarm,severe,full_cross,unknown,unknown,True
site-102-case-06,102,alarm_unexplained,alarm,severe,recent_cross,unknown,unknown,True
site-102-case-06,102,alarm_unexplained,alarm,severe,full_inverter,unknown,unknown,True
site-102-case-06,102,alarm_unexplained,alarm,severe,recent_inverter,unknown,unknown,True
site-102-case-07,102,trend_stable,pv_trend,clean,full_cross,normal,normal,True
site-102-case-07,102,trend_stable,pv_trend,clean,recent_cross,normal,unknown,False
site-102-case-07,102,trend_stable,pv_trend,clean,full_inverter,normal,normal,True
site-102-case-07,102,trend_stable,pv_trend,clean,recent_inverter,normal,unknown,False
site-102-case-07,102,trend_stable,pv_trend,moderate,full_cross,normal,normal,True
site-102-case-07,102,trend_stable,pv_trend,moderate,recent_cross,normal,unknown,False
site-102-case-07,102,trend_stable,pv_trend,moderate,full_inverter,normal,normal,True
site-102-case-07,102,trend_stable,pv_trend,moderate,recent_inverter,normal,unknown,False
site-102-case-07,102,trend_stable,pv_trend,severe,full_cross,normal,normal,True
site-102-case-07,102,trend_stable,pv_trend,severe,recent_cross,normal,unknown,False
site-102-case-07,102,trend_stable,pv_trend,severe,full_inverter,normal,normal,True
site-102-case-07,102,trend_stable,pv_trend,severe,recent_inverter,normal,unknown,False
site-102-case-08,102,trend_decline,pv_trend,clean,full_cross,pv_decline,pv_decline,True
site-102-case-08,102,trend_decline,pv_trend,clean,recent_cross,pv_decline,unknown,False
site-102-case-08,102,trend_decline,pv_trend,clean,full_inverter,pv_decline,normal,False
site-102-case-08,102,trend_decline,pv_trend,clean,recent_inverter,pv_decline,unknown,False
site-102-case-08,102,trend_decline,pv_trend,moderate,full_cross,pv_decline,pv_decline,True
site-102-case-08,102,trend_decline,pv_trend,moderate,recent_cross,pv_decline,unknown,False
site-102-case-08,102,trend_decline,pv_trend,moderate,full_inverter,pv_decline,normal,False
site-102-case-08,102,trend_decline,pv_trend,moderate,recent_inverter,pv_decline,unknown,False
site-102-case-08,102,trend_decline,pv_trend,severe,full_cross,pv_decline,pv_decline,True
site-102-case-08,102,trend_decline,pv_trend,severe,recent_cross,pv_decline,unknown,False
site-102-case-08,102,trend_decline,pv_trend,severe,full_inverter,pv_decline,normal,False
site-102-case-08,102,trend_decline,pv_trend,severe,recent_inverter,pv_decline,unknown,False
site-102-case-09,102,trend_weather,pv_trend,clean,full_cross,normal,normal,True
site-102-case-09,102,trend_weather,pv_trend,clean,recent_cross,normal,unknown,False
site-102-case-09,102,trend_weather,pv_trend,clean,full_inverter,normal,normal,True
site-102-case-09,102,trend_weather,pv_trend,clean,recent_inverter,normal,unknown,False
site-102-case-09,102,trend_weather,pv_trend,moderate,full_cross,normal,normal,True
site-102-case-09,102,trend_weather,pv_trend,moderate,recent_cross,normal,unknown,False
site-102-case-09,102,trend_weather,pv_trend,moderate,full_inverter,normal,normal,True
site-102-case-09,102,trend_weather,pv_trend,moderate,recent_inverter,normal,unknown,False
site-102-case-09,102,trend_weather,pv_trend,severe,full_cross,normal,normal,True
site-102-case-09,102,trend_weather,pv_trend,severe,recent_cross,normal,unknown,False
site-102-case-09,102,trend_weather,pv_trend,severe,full_inverter,normal,normal,True
site-102-case-09,102,trend_weather,pv_trend,severe,recent_inverter,normal,unknown,False
site-102-case-10,102,trend_low_efficiency,pv_trend,clean,full_cross,normal,normal,True
site-102-case-10,102,trend_low_efficiency,pv_trend,clean,recent_cross,normal,unknown,False
site-102-case-10,102,trend_low_efficiency,pv_trend,clean,full_inverter,normal,normal,True
site-102-case-10,102,trend_low_efficiency,pv_trend,clean,recent_inverter,normal,unknown,False
site-102-case-10,102,trend_low_efficiency,pv_trend,moderate,full_cross,normal,normal,True
site-102-case-10,102,trend_low_efficiency,pv_trend,moderate,recent_cross,normal,unknown,False
site-102-case-10,102,trend_low_efficiency,pv_trend,moderate,full_inverter,normal,normal,True
site-102-case-10,102,trend_low_efficiency,pv_trend,moderate,recent_inverter,normal,unknown,False
site-102-case-10,102,trend_low_efficiency,pv_trend,severe,full_cross,normal,normal,True
site-102-case-10,102,trend_low_efficiency,pv_trend,severe,recent_cross,normal,unknown,False
site-102-case-10,102,trend_low_efficiency,pv_trend,severe,full_inverter,normal,normal,True
site-102-case-10,102,trend_low_efficiency,pv_trend,severe,recent_inverter,normal,unknown,False
site-102-case-11,102,day_missing,daily_output,clean,full_cross,unknown,unknown,True
site-102-case-11,102,day_missing,daily_output,clean,recent_cross,unknown,unknown,True
site-102-case-11,102,day_missing,daily_output,clean,full_inverter,unknown,unknown,True
site-102-case-11,102,day_missing,daily_output,clean,recent_inverter,unknown,unknown,True
site-102-case-11,102,day_missing,daily_output,moderate,full_cross,unknown,unknown,True
site-102-case-11,102,day_missing,daily_output,moderate,recent_cross,unknown,unknown,True
site-102-case-11,102,day_missing,daily_output,moderate,full_inverter,unknown,unknown,True
site-102-case-11,102,day_missing,daily_output,moderate,recent_inverter,unknown,unknown,True
site-102-case-11,102,day_missing,daily_output,severe,full_cross,unknown,unknown,True
site-102-case-11,102,day_missing,daily_output,severe,recent_cross,unknown,unknown,True
site-102-case-11,102,day_missing,daily_output,severe,full_inverter,unknown,unknown,True
site-102-case-11,102,day_missing,daily_output,severe,recent_inverter,unknown,unknown,True
site-103-case-00,103,day_normal,daily_output,clean,full_cross,normal,normal,True
site-103-case-00,103,day_normal,daily_output,clean,recent_cross,normal,unknown,False
site-103-case-00,103,day_normal,daily_output,clean,full_inverter,normal,normal,True
site-103-case-00,103,day_normal,daily_output,clean,recent_inverter,normal,unknown,False
site-103-case-00,103,day_normal,daily_output,moderate,full_cross,normal,normal,True
site-103-case-00,103,day_normal,daily_output,moderate,recent_cross,normal,unknown,False
site-103-case-00,103,day_normal,daily_output,moderate,full_inverter,normal,unknown,False
site-103-case-00,103,day_normal,daily_output,moderate,recent_inverter,normal,unknown,False
site-103-case-00,103,day_normal,daily_output,severe,full_cross,normal,weather_loss,False
site-103-case-00,103,day_normal,daily_output,severe,recent_cross,normal,unknown,False
site-103-case-00,103,day_normal,daily_output,severe,full_inverter,normal,unknown,False
site-103-case-00,103,day_normal,daily_output,severe,recent_inverter,normal,unknown,False
site-103-case-01,103,day_weather,daily_output,clean,full_cross,weather_loss,weather_loss,True
site-103-case-01,103,day_weather,daily_output,clean,recent_cross,weather_loss,unknown,False
site-103-case-01,103,day_weather,daily_output,clean,full_inverter,weather_loss,unknown,False
site-103-case-01,103,day_weather,daily_output,clean,recent_inverter,weather_loss,unknown,False
site-103-case-01,103,day_weather,daily_output,moderate,full_cross,weather_loss,weather_loss,True
site-103-case-01,103,day_weather,daily_output,moderate,recent_cross,weather_loss,unknown,False
site-103-case-01,103,day_weather,daily_output,moderate,full_inverter,weather_loss,unknown,False
site-103-case-01,103,day_weather,daily_output,moderate,recent_inverter,weather_loss,unknown,False
site-103-case-01,103,day_weather,daily_output,severe,full_cross,weather_loss,weather_loss,True
site-103-case-01,103,day_weather,daily_output,severe,recent_cross,weather_loss,unknown,False
site-103-case-01,103,day_weather,daily_output,severe,full_inverter,weather_loss,unknown,False
site-103-case-01,103,day_weather,daily_output,severe,recent_inverter,weather_loss,unknown,False
site-103-case-02,103,day_derating,daily_output,clean,full_cross,pv_loss,pv_loss,True
site-103-case-02,103,day_derating,daily_output,clean,recent_cross,pv_loss,pv_loss,True
site-103-case-02,103,day_derating,daily_output,clean,full_inverter,pv_loss,unknown,False
site-103-case-02,103,day_derating,daily_output,clean,recent_inverter,pv_loss,unknown,False
site-103-case-02,103,day_derating,daily_output,moderate,full_cross,pv_loss,pv_loss,True
site-103-case-02,103,day_derating,daily_output,moderate,recent_cross,pv_loss,pv_loss,True
site-103-case-02,103,day_derating,daily_output,moderate,full_inverter,pv_loss,unknown,False
site-103-case-02,103,day_derating,daily_output,moderate,recent_inverter,pv_loss,unknown,False
site-103-case-02,103,day_derating,daily_output,severe,full_cross,pv_loss,pv_loss,True
site-103-case-02,103,day_derating,daily_output,severe,recent_cross,pv_loss,pv_loss,True
site-103-case-02,103,day_derating,daily_output,severe,full_inverter,pv_loss,unknown,False
site-103-case-02,103,day_derating,daily_output,severe,recent_inverter,pv_loss,unknown,False
site-103-case-03,103,alarm_normal,alarm,clean,full_cross,normal,normal,True
site-103-case-03,103,alarm_normal,alarm,clean,recent_cross,normal,normal,True
site-103-case-03,103,alarm_normal,alarm,clean,full_inverter,normal,normal,True
site-103-case-03,103,alarm_normal,alarm,clean,recent_inverter,normal,normal,True
site-103-case-03,103,alarm_normal,alarm,moderate,full_cross,normal,normal,True
site-103-case-03,103,alarm_normal,alarm,moderate,recent_cross,normal,normal,True
site-103-case-03,103,alarm_normal,alarm,moderate,full_inverter,normal,normal,True
site-103-case-03,103,alarm_normal,alarm,moderate,recent_inverter,normal,normal,True
site-103-case-03,103,alarm_normal,alarm,severe,full_cross,normal,normal,True
site-103-case-03,103,alarm_normal,alarm,severe,recent_cross,normal,normal,True
site-103-case-03,103,alarm_normal,alarm,severe,full_inverter,normal,normal,True
site-103-case-03,103,alarm_normal,alarm,severe,recent_inverter,normal,normal,True
site-103-case-04,103,alarm_overload,alarm,clean,full_cross,overload,overload,True
site-103-case-04,103,alarm_overload,alarm,clean,recent_cross,overload,overload,True
site-103-case-04,103,alarm_overload,alarm,clean,full_inverter,overload,unknown,False
site-103-case-04,103,alarm_overload,alarm,clean,recent_inverter,overload,unknown,False
site-103-case-04,103,alarm_overload,alarm,moderate,full_cross,overload,overload,True
site-103-case-04,103,alarm_overload,alarm,moderate,recent_cross,overload,overload,True
site-103-case-04,103,alarm_overload,alarm,moderate,full_inverter,overload,unknown,False
site-103-case-04,103,alarm_overload,alarm,moderate,recent_inverter,overload,unknown,False
site-103-case-04,103,alarm_overload,alarm,severe,full_cross,overload,overload,True
site-103-case-04,103,alarm_overload,alarm,severe,recent_cross,overload,overload,True
site-103-case-04,103,alarm_overload,alarm,severe,full_inverter,overload,unknown,False
site-103-case-04,103,alarm_overload,alarm,severe,recent_inverter,overload,unknown,False
site-103-case-05,103,alarm_thermal,alarm,clean,full_cross,thermal,thermal,True
site-103-case-05,103,alarm_thermal,alarm,clean,recent_cross,thermal,thermal,True
site-103-case-05,103,alarm_thermal,alarm,clean,full_inverter,thermal,thermal,True
site-103-case-05,103,alarm_thermal,alarm,clean,recent_inverter,thermal,thermal,True
site-103-case-05,103,alarm_thermal,alarm,moderate,full_cross,thermal,thermal,True
site-103-case-05,103,alarm_thermal,alarm,moderate,recent_cross,thermal,thermal,True
site-103-case-05,103,alarm_thermal,alarm,moderate,full_inverter,thermal,thermal,True
site-103-case-05,103,alarm_thermal,alarm,moderate,recent_inverter,thermal,thermal,True
site-103-case-05,103,alarm_thermal,alarm,severe,full_cross,thermal,thermal,True
site-103-case-05,103,alarm_thermal,alarm,severe,recent_cross,thermal,thermal,True
site-103-case-05,103,alarm_thermal,alarm,severe,full_inverter,thermal,thermal,True
site-103-case-05,103,alarm_thermal,alarm,severe,recent_inverter,thermal,thermal,True
site-103-case-06,103,alarm_unexplained,alarm,clean,full_cross,unknown,unknown,True
site-103-case-06,103,alarm_unexplained,alarm,clean,recent_cross,unknown,unknown,True
site-103-case-06,103,alarm_unexplained,alarm,clean,full_inverter,unknown,unknown,True
site-103-case-06,103,alarm_unexplained,alarm,clean,recent_inverter,unknown,unknown,True
site-103-case-06,103,alarm_unexplained,alarm,moderate,full_cross,unknown,unknown,True
site-103-case-06,103,alarm_unexplained,alarm,moderate,recent_cross,unknown,unknown,True
site-103-case-06,103,alarm_unexplained,alarm,moderate,full_inverter,unknown,unknown,True
site-103-case-06,103,alarm_unexplained,alarm,moderate,recent_inverter,unknown,unknown,True
site-103-case-06,103,alarm_unexplained,alarm,severe,full_cross,unknown,unknown,True
site-103-case-06,103,alarm_unexplained,alarm,severe,recent_cross,unknown,unknown,True
site-103-case-06,103,alarm_unexplained,alarm,severe,full_inverter,unknown,unknown,True
site-103-case-06,103,alarm_unexplained,alarm,severe,recent_inverter,unknown,unknown,True
site-103-case-07,103,trend_stable,pv_trend,clean,full_cross,normal,normal,True
site-103-case-07,103,trend_stable,pv_trend,clean,recent_cross,normal,unknown,False
site-103-case-07,103,trend_stable,pv_trend,clean,full_inverter,normal,normal,True
site-103-case-07,103,trend_stable,pv_trend,clean,recent_inverter,normal,unknown,False
site-103-case-07,103,trend_stable,pv_trend,moderate,full_cross,normal,normal,True
site-103-case-07,103,trend_stable,pv_trend,moderate,recent_cross,normal,unknown,False
site-103-case-07,103,trend_stable,pv_trend,moderate,full_inverter,normal,normal,True
site-103-case-07,103,trend_stable,pv_trend,moderate,recent_inverter,normal,unknown,False
site-103-case-07,103,trend_stable,pv_trend,severe,full_cross,normal,normal,True
site-103-case-07,103,trend_stable,pv_trend,severe,recent_cross,normal,unknown,False
site-103-case-07,103,trend_stable,pv_trend,severe,full_inverter,normal,normal,True
site-103-case-07,103,trend_stable,pv_trend,severe,recent_inverter,normal,unknown,False
site-103-case-08,103,trend_decline,pv_trend,clean,full_cross,pv_decline,pv_decline,True
site-103-case-08,103,trend_decline,pv_trend,clean,recent_cross,pv_decline,unknown,False
site-103-case-08,103,trend_decline,pv_trend,clean,full_inverter,pv_decline,pv_decline,True
site-103-case-08,103,trend_decline,pv_trend,clean,recent_inverter,pv_decline,unknown,False
site-103-case-08,103,trend_decline,pv_trend,moderate,full_cross,pv_decline,pv_decline,True
site-103-case-08,103,trend_decline,pv_trend,moderate,recent_cross,pv_decline,unknown,False
site-103-case-08,103,trend_decline,pv_trend,moderate,full_inverter,pv_decline,pv_decline,True
site-103-case-08,103,trend_decline,pv_trend,moderate,recent_inverter,pv_decline,unknown,False
site-103-case-08,103,trend_decline,pv_trend,severe,full_cross,pv_decline,pv_decline,True
site-103-case-08,103,trend_decline,pv_trend,severe,recent_cross,pv_decline,unknown,False
site-103-case-08,103,trend_decline,pv_trend,severe,full_inverter,pv_decline,pv_decline,True
site-103-case-08,103,trend_decline,pv_trend,severe,recent_inverter,pv_decline,unknown,False
site-103-case-09,103,trend_weather,pv_trend,clean,full_cross,normal,normal,True
site-103-case-09,103,trend_weather,pv_trend,clean,recent_cross,normal,unknown,False
site-103-case-09,103,trend_weather,pv_trend,clean,full_inverter,normal,pv_decline,False
site-103-case-09,103,trend_weather,pv_trend,clean,recent_inverter,normal,unknown,False
site-103-case-09,103,trend_weather,pv_trend,moderate,full_cross,normal,normal,True
site-103-case-09,103,trend_weather,pv_trend,moderate,recent_cross,normal,unknown,False
site-103-case-09,103,trend_weather,pv_trend,moderate,full_inverter,normal,pv_decline,False
site-103-case-09,103,trend_weather,pv_trend,moderate,recent_inverter,normal,unknown,False
site-103-case-09,103,trend_weather,pv_trend,severe,full_cross,normal,normal,True
site-103-case-09,103,trend_weather,pv_trend,severe,recent_cross,normal,unknown,False
site-103-case-09,103,trend_weather,pv_trend,severe,full_inverter,normal,pv_decline,False
site-103-case-09,103,trend_weather,pv_trend,severe,recent_inverter,normal,unknown,False
site-103-case-10,103,trend_low_efficiency,pv_trend,clean,full_cross,normal,normal,True
site-103-case-10,103,trend_low_efficiency,pv_trend,clean,recent_cross,normal,unknown,False
site-103-case-10,103,trend_low_efficiency,pv_trend,clean,full_inverter,normal,normal,True
site-103-case-10,103,trend_low_efficiency,pv_trend,clean,recent_inverter,normal,unknown,False
site-103-case-10,103,trend_low_efficiency,pv_trend,moderate,full_cross,normal,normal,True
site-103-case-10,103,trend_low_efficiency,pv_trend,moderate,recent_cross,normal,unknown,False
site-103-case-10,103,trend_low_efficiency,pv_trend,moderate,full_inverter,normal,normal,True
site-103-case-10,103,trend_low_efficiency,pv_trend,moderate,recent_inverter,normal,unknown,False
site-103-case-10,103,trend_low_efficiency,pv_trend,severe,full_cross,normal,normal,True
site-103-case-10,103,trend_low_efficiency,pv_trend,severe,recent_cross,normal,unknown,False
site-103-case-10,103,trend_low_efficiency,pv_trend,severe,full_inverter,normal,normal,True
site-103-case-10,103,trend_low_efficiency,pv_trend,severe,recent_inverter,normal,unknown,False
site-103-case-11,103,day_missing,daily_output,clean,full_cross,unknown,unknown,True
site-103-case-11,103,day_missing,daily_output,clean,recent_cross,unknown,unknown,True
site-103-case-11,103,day_missing,daily_output,clean,full_inverter,unknown,unknown,True
site-103-case-11,103,day_missing,daily_output,clean,recent_inverter,unknown,unknown,True
site-103-case-11,103,day_missing,daily_output,moderate,full_cross,unknown,unknown,True
site-103-case-11,103,day_missing,daily_output,moderate,recent_cross,unknown,unknown,True
site-103-case-11,103,day_missing,daily_output,moderate,full_inverter,unknown,unknown,True
site-103-case-11,103,day_missing,daily_output,moderate,recent_inverter,unknown,unknown,True
site-103-case-11,103,day_missing,daily_output,severe,full_cross,unknown,unknown,True
site-103-case-11,103,day_missing,daily_output,severe,recent_cross,unknown,unknown,True
site-103-case-11,103,day_missing,daily_output,severe,full_inverter,unknown,unknown,True
site-103-case-11,103,day_missing,daily_output,severe,recent_inverter,unknown,unknown,True
site-104-case-00,104,day_normal,daily_output,clean,full_cross,normal,normal,True
site-104-case-00,104,day_normal,daily_output,clean,recent_cross,normal,unknown,False
site-104-case-00,104,day_normal,daily_output,clean,full_inverter,normal,normal,True
site-104-case-00,104,day_normal,daily_output,clean,recent_inverter,normal,unknown,False
site-104-case-00,104,day_normal,daily_output,moderate,full_cross,normal,normal,True
site-104-case-00,104,day_normal,daily_output,moderate,recent_cross,normal,unknown,False
site-104-case-00,104,day_normal,daily_output,moderate,full_inverter,normal,normal,True
site-104-case-00,104,day_normal,daily_output,moderate,recent_inverter,normal,unknown,False
site-104-case-00,104,day_normal,daily_output,severe,full_cross,normal,normal,True
site-104-case-00,104,day_normal,daily_output,severe,recent_cross,normal,unknown,False
site-104-case-00,104,day_normal,daily_output,severe,full_inverter,normal,normal,True
site-104-case-00,104,day_normal,daily_output,severe,recent_inverter,normal,unknown,False
site-104-case-01,104,day_weather,daily_output,clean,full_cross,weather_loss,weather_loss,True
site-104-case-01,104,day_weather,daily_output,clean,recent_cross,weather_loss,unknown,False
site-104-case-01,104,day_weather,daily_output,clean,full_inverter,weather_loss,unknown,False
site-104-case-01,104,day_weather,daily_output,clean,recent_inverter,weather_loss,unknown,False
site-104-case-01,104,day_weather,daily_output,moderate,full_cross,weather_loss,weather_loss,True
site-104-case-01,104,day_weather,daily_output,moderate,recent_cross,weather_loss,unknown,False
site-104-case-01,104,day_weather,daily_output,moderate,full_inverter,weather_loss,unknown,False
site-104-case-01,104,day_weather,daily_output,moderate,recent_inverter,weather_loss,unknown,False
site-104-case-01,104,day_weather,daily_output,severe,full_cross,weather_loss,weather_loss,True
site-104-case-01,104,day_weather,daily_output,severe,recent_cross,weather_loss,unknown,False
site-104-case-01,104,day_weather,daily_output,severe,full_inverter,weather_loss,unknown,False
site-104-case-01,104,day_weather,daily_output,severe,recent_inverter,weather_loss,unknown,False
site-104-case-02,104,day_derating,daily_output,clean,full_cross,pv_loss,pv_loss,True
site-104-case-02,104,day_derating,daily_output,clean,recent_cross,pv_loss,pv_loss,True
site-104-case-02,104,day_derating,daily_output,clean,full_inverter,pv_loss,unknown,False
site-104-case-02,104,day_derating,daily_output,clean,recent_inverter,pv_loss,unknown,False
site-104-case-02,104,day_derating,daily_output,moderate,full_cross,pv_loss,pv_loss,True
site-104-case-02,104,day_derating,daily_output,moderate,recent_cross,pv_loss,pv_loss,True
site-104-case-02,104,day_derating,daily_output,moderate,full_inverter,pv_loss,unknown,False
site-104-case-02,104,day_derating,daily_output,moderate,recent_inverter,pv_loss,unknown,False
site-104-case-02,104,day_derating,daily_output,severe,full_cross,pv_loss,pv_loss,True
site-104-case-02,104,day_derating,daily_output,severe,recent_cross,pv_loss,pv_loss,True
site-104-case-02,104,day_derating,daily_output,severe,full_inverter,pv_loss,unknown,False
site-104-case-02,104,day_derating,daily_output,severe,recent_inverter,pv_loss,unknown,False
site-104-case-03,104,alarm_normal,alarm,clean,full_cross,normal,normal,True
site-104-case-03,104,alarm_normal,alarm,clean,recent_cross,normal,normal,True
site-104-case-03,104,alarm_normal,alarm,clean,full_inverter,normal,normal,True
site-104-case-03,104,alarm_normal,alarm,clean,recent_inverter,normal,normal,True
site-104-case-03,104,alarm_normal,alarm,moderate,full_cross,normal,normal,True
site-104-case-03,104,alarm_normal,alarm,moderate,recent_cross,normal,normal,True
site-104-case-03,104,alarm_normal,alarm,moderate,full_inverter,normal,normal,True
site-104-case-03,104,alarm_normal,alarm,moderate,recent_inverter,normal,normal,True
site-104-case-03,104,alarm_normal,alarm,severe,full_cross,normal,normal,True
site-104-case-03,104,alarm_normal,alarm,severe,recent_cross,normal,normal,True
site-104-case-03,104,alarm_normal,alarm,severe,full_inverter,normal,normal,True
site-104-case-03,104,alarm_normal,alarm,severe,recent_inverter,normal,normal,True
site-104-case-04,104,alarm_overload,alarm,clean,full_cross,overload,overload,True
site-104-case-04,104,alarm_overload,alarm,clean,recent_cross,overload,overload,True
site-104-case-04,104,alarm_overload,alarm,clean,full_inverter,overload,unknown,False
site-104-case-04,104,alarm_overload,alarm,clean,recent_inverter,overload,unknown,False
site-104-case-04,104,alarm_overload,alarm,moderate,full_cross,overload,overload,True
site-104-case-04,104,alarm_overload,alarm,moderate,recent_cross,overload,overload,True
site-104-case-04,104,alarm_overload,alarm,moderate,full_inverter,overload,unknown,False
site-104-case-04,104,alarm_overload,alarm,moderate,recent_inverter,overload,unknown,False
site-104-case-04,104,alarm_overload,alarm,severe,full_cross,overload,overload,True
site-104-case-04,104,alarm_overload,alarm,severe,recent_cross,overload,overload,True
site-104-case-04,104,alarm_overload,alarm,severe,full_inverter,overload,unknown,False
site-104-case-04,104,alarm_overload,alarm,severe,recent_inverter,overload,unknown,False
site-104-case-05,104,alarm_thermal,alarm,clean,full_cross,thermal,thermal,True
site-104-case-05,104,alarm_thermal,alarm,clean,recent_cross,thermal,thermal,True
site-104-case-05,104,alarm_thermal,alarm,clean,full_inverter,thermal,thermal,True
site-104-case-05,104,alarm_thermal,alarm,clean,recent_inverter,thermal,thermal,True
site-104-case-05,104,alarm_thermal,alarm,moderate,full_cross,thermal,thermal,True
site-104-case-05,104,alarm_thermal,alarm,moderate,recent_cross,thermal,thermal,True
site-104-case-05,104,alarm_thermal,alarm,moderate,full_inverter,thermal,thermal,True
site-104-case-05,104,alarm_thermal,alarm,moderate,recent_inverter,thermal,thermal,True
site-104-case-05,104,alarm_thermal,alarm,severe,full_cross,thermal,thermal,True
site-104-case-05,104,alarm_thermal,alarm,severe,recent_cross,thermal,thermal,True
site-104-case-05,104,alarm_thermal,alarm,severe,full_inverter,thermal,thermal,True
site-104-case-05,104,alarm_thermal,alarm,severe,recent_inverter,thermal,thermal,True
site-104-case-06,104,alarm_unexplained,alarm,clean,full_cross,unknown,unknown,True
site-104-case-06,104,alarm_unexplained,alarm,clean,recent_cross,unknown,unknown,True
site-104-case-06,104,alarm_unexplained,alarm,clean,full_inverter,unknown,unknown,True
site-104-case-06,104,alarm_unexplained,alarm,clean,recent_inverter,unknown,unknown,True
site-104-case-06,104,alarm_unexplained,alarm,moderate,full_cross,unknown,unknown,True
site-104-case-06,104,alarm_unexplained,alarm,moderate,recent_cross,unknown,unknown,True
site-104-case-06,104,alarm_unexplained,alarm,moderate,full_inverter,unknown,unknown,True
site-104-case-06,104,alarm_unexplained,alarm,moderate,recent_inverter,unknown,unknown,True
site-104-case-06,104,alarm_unexplained,alarm,severe,full_cross,unknown,unknown,True
site-104-case-06,104,alarm_unexplained,alarm,severe,recent_cross,unknown,unknown,True
site-104-case-06,104,alarm_unexplained,alarm,severe,full_inverter,unknown,unknown,True
site-104-case-06,104,alarm_unexplained,alarm,severe,recent_inverter,unknown,unknown,True
site-104-case-07,104,trend_stable,pv_trend,clean,full_cross,normal,normal,True
site-104-case-07,104,trend_stable,pv_trend,clean,recent_cross,normal,unknown,False
site-104-case-07,104,trend_stable,pv_trend,clean,full_inverter,normal,normal,True
site-104-case-07,104,trend_stable,pv_trend,clean,recent_inverter,normal,unknown,False
site-104-case-07,104,trend_stable,pv_trend,moderate,full_cross,normal,normal,True
site-104-case-07,104,trend_stable,pv_trend,moderate,recent_cross,normal,unknown,False
site-104-case-07,104,trend_stable,pv_trend,moderate,full_inverter,normal,normal,True
site-104-case-07,104,trend_stable,pv_trend,moderate,recent_inverter,normal,unknown,False
site-104-case-07,104,trend_stable,pv_trend,severe,full_cross,normal,normal,True
site-104-case-07,104,trend_stable,pv_trend,severe,recent_cross,normal,unknown,False
site-104-case-07,104,trend_stable,pv_trend,severe,full_inverter,normal,normal,True
site-104-case-07,104,trend_stable,pv_trend,severe,recent_inverter,normal,unknown,False
site-104-case-08,104,trend_decline,pv_trend,clean,full_cross,pv_decline,normal,False
site-104-case-08,104,trend_decline,pv_trend,clean,recent_cross,pv_decline,unknown,False
site-104-case-08,104,trend_decline,pv_trend,clean,full_inverter,pv_decline,normal,False
site-104-case-08,104,trend_decline,pv_trend,clean,recent_inverter,pv_decline,unknown,False
site-104-case-08,104,trend_decline,pv_trend,moderate,full_cross,pv_decline,normal,False
site-104-case-08,104,trend_decline,pv_trend,moderate,recent_cross,pv_decline,unknown,False
site-104-case-08,104,trend_decline,pv_trend,moderate,full_inverter,pv_decline,normal,False
site-104-case-08,104,trend_decline,pv_trend,moderate,recent_inverter,pv_decline,unknown,False
site-104-case-08,104,trend_decline,pv_trend,severe,full_cross,pv_decline,normal,False
site-104-case-08,104,trend_decline,pv_trend,severe,recent_cross,pv_decline,unknown,False
site-104-case-08,104,trend_decline,pv_trend,severe,full_inverter,pv_decline,normal,False
site-104-case-08,104,trend_decline,pv_trend,severe,recent_inverter,pv_decline,unknown,False
site-104-case-09,104,trend_weather,pv_trend,clean,full_cross,normal,normal,True
site-104-case-09,104,trend_weather,pv_trend,clean,recent_cross,normal,unknown,False
site-104-case-09,104,trend_weather,pv_trend,clean,full_inverter,normal,pv_decline,False
site-104-case-09,104,trend_weather,pv_trend,clean,recent_inverter,normal,unknown,False
site-104-case-09,104,trend_weather,pv_trend,moderate,full_cross,normal,normal,True
site-104-case-09,104,trend_weather,pv_trend,moderate,recent_cross,normal,unknown,False
site-104-case-09,104,trend_weather,pv_trend,moderate,full_inverter,normal,pv_decline,False
site-104-case-09,104,trend_weather,pv_trend,moderate,recent_inverter,normal,unknown,False
site-104-case-09,104,trend_weather,pv_trend,severe,full_cross,normal,normal,True
site-104-case-09,104,trend_weather,pv_trend,severe,recent_cross,normal,unknown,False
site-104-case-09,104,trend_weather,pv_trend,severe,full_inverter,normal,pv_decline,False
site-104-case-09,104,trend_weather,pv_trend,severe,recent_inverter,normal,unknown,False
site-104-case-10,104,trend_low_efficiency,pv_trend,clean,full_cross,normal,normal,True
site-104-case-10,104,trend_low_efficiency,pv_trend,clean,recent_cross,normal,unknown,False
site-104-case-10,104,trend_low_efficiency,pv_trend,clean,full_inverter,normal,normal,True
site-104-case-10,104,trend_low_efficiency,pv_trend,clean,recent_inverter,normal,unknown,False
site-104-case-10,104,trend_low_efficiency,pv_trend,moderate,full_cross,normal,normal,True
site-104-case-10,104,trend_low_efficiency,pv_trend,moderate,recent_cross,normal,unknown,False
site-104-case-10,104,trend_low_efficiency,pv_trend,moderate,full_inverter,normal,normal,True
site-104-case-10,104,trend_low_efficiency,pv_trend,moderate,recent_inverter,normal,unknown,False
site-104-case-10,104,trend_low_efficiency,pv_trend,severe,full_cross,normal,normal,True
site-104-case-10,104,trend_low_efficiency,pv_trend,severe,recent_cross,normal,unknown,False
site-104-case-10,104,trend_low_efficiency,pv_trend,severe,full_inverter,normal,normal,True
site-104-case-10,104,trend_low_efficiency,pv_trend,severe,recent_inverter,normal,unknown,False
site-104-case-11,104,day_missing,daily_output,clean,full_cross,unknown,unknown,True
site-104-case-11,104,day_missing,daily_output,clean,recent_cross,unknown,unknown,True
site-104-case-11,104,day_missing,daily_output,clean,full_inverter,unknown,unknown,True
site-104-case-11,104,day_missing,daily_output,clean,recent_inverter,unknown,unknown,True
site-104-case-11,104,day_missing,daily_output,moderate,full_cross,unknown,unknown,True
site-104-case-11,104,day_missing,daily_output,moderate,recent_cross,unknown,unknown,True
site-104-case-11,104,day_missing,daily_output,moderate,full_inverter,unknown,unknown,True
site-104-case-11,104,day_missing,daily_output,moderate,recent_inverter,unknown,unknown,True
site-104-case-11,104,day_missing,daily_output,severe,full_cross,unknown,unknown,True
site-104-case-11,104,day_missing,daily_output,severe,recent_cross,unknown,unknown,True
site-104-case-11,104,day_missing,daily_output,severe,full_inverter,unknown,unknown,True
site-104-case-11,104,day_missing,daily_output,severe,recent_inverter,unknown,unknown,True
site-105-case-00,105,day_normal,daily_output,clean,full_cross,normal,normal,True
site-105-case-00,105,day_normal,daily_output,clean,recent_cross,normal,unknown,False
site-105-case-00,105,day_normal,daily_output,clean,full_inverter,normal,normal,True
site-105-case-00,105,day_normal,daily_output,clean,recent_inverter,normal,unknown,False
site-105-case-00,105,day_normal,daily_output,moderate,full_cross,normal,normal,True
site-105-case-00,105,day_normal,daily_output,moderate,recent_cross,normal,unknown,False
site-105-case-00,105,day_normal,daily_output,moderate,full_inverter,normal,normal,True
site-105-case-00,105,day_normal,daily_output,moderate,recent_inverter,normal,unknown,False
site-105-case-00,105,day_normal,daily_output,severe,full_cross,normal,normal,True
site-105-case-00,105,day_normal,daily_output,severe,recent_cross,normal,unknown,False
site-105-case-00,105,day_normal,daily_output,severe,full_inverter,normal,normal,True
site-105-case-00,105,day_normal,daily_output,severe,recent_inverter,normal,unknown,False
site-105-case-01,105,day_weather,daily_output,clean,full_cross,weather_loss,weather_loss,True
site-105-case-01,105,day_weather,daily_output,clean,recent_cross,weather_loss,unknown,False
site-105-case-01,105,day_weather,daily_output,clean,full_inverter,weather_loss,unknown,False
site-105-case-01,105,day_weather,daily_output,clean,recent_inverter,weather_loss,unknown,False
site-105-case-01,105,day_weather,daily_output,moderate,full_cross,weather_loss,weather_loss,True
site-105-case-01,105,day_weather,daily_output,moderate,recent_cross,weather_loss,unknown,False
site-105-case-01,105,day_weather,daily_output,moderate,full_inverter,weather_loss,unknown,False
site-105-case-01,105,day_weather,daily_output,moderate,recent_inverter,weather_loss,unknown,False
site-105-case-01,105,day_weather,daily_output,severe,full_cross,weather_loss,weather_loss,True
site-105-case-01,105,day_weather,daily_output,severe,recent_cross,weather_loss,unknown,False
site-105-case-01,105,day_weather,daily_output,severe,full_inverter,weather_loss,unknown,False
site-105-case-01,105,day_weather,daily_output,severe,recent_inverter,weather_loss,unknown,False
site-105-case-02,105,day_derating,daily_output,clean,full_cross,pv_loss,pv_loss,True
site-105-case-02,105,day_derating,daily_output,clean,recent_cross,pv_loss,pv_loss,True
site-105-case-02,105,day_derating,daily_output,clean,full_inverter,pv_loss,unknown,False
site-105-case-02,105,day_derating,daily_output,clean,recent_inverter,pv_loss,unknown,False
site-105-case-02,105,day_derating,daily_output,moderate,full_cross,pv_loss,pv_loss,True
site-105-case-02,105,day_derating,daily_output,moderate,recent_cross,pv_loss,pv_loss,True
site-105-case-02,105,day_derating,daily_output,moderate,full_inverter,pv_loss,unknown,False
site-105-case-02,105,day_derating,daily_output,moderate,recent_inverter,pv_loss,unknown,False
site-105-case-02,105,day_derating,daily_output,severe,full_cross,pv_loss,pv_loss,True
site-105-case-02,105,day_derating,daily_output,severe,recent_cross,pv_loss,pv_loss,True
site-105-case-02,105,day_derating,daily_output,severe,full_inverter,pv_loss,unknown,False
site-105-case-02,105,day_derating,daily_output,severe,recent_inverter,pv_loss,unknown,False
site-105-case-03,105,alarm_normal,alarm,clean,full_cross,normal,normal,True
site-105-case-03,105,alarm_normal,alarm,clean,recent_cross,normal,normal,True
site-105-case-03,105,alarm_normal,alarm,clean,full_inverter,normal,normal,True
site-105-case-03,105,alarm_normal,alarm,clean,recent_inverter,normal,normal,True
site-105-case-03,105,alarm_normal,alarm,moderate,full_cross,normal,normal,True
site-105-case-03,105,alarm_normal,alarm,moderate,recent_cross,normal,normal,True
site-105-case-03,105,alarm_normal,alarm,moderate,full_inverter,normal,normal,True
site-105-case-03,105,alarm_normal,alarm,moderate,recent_inverter,normal,normal,True
site-105-case-03,105,alarm_normal,alarm,severe,full_cross,normal,normal,True
site-105-case-03,105,alarm_normal,alarm,severe,recent_cross,normal,normal,True
site-105-case-03,105,alarm_normal,alarm,severe,full_inverter,normal,normal,True
site-105-case-03,105,alarm_normal,alarm,severe,recent_inverter,normal,normal,True
site-105-case-04,105,alarm_overload,alarm,clean,full_cross,overload,overload,True
site-105-case-04,105,alarm_overload,alarm,clean,recent_cross,overload,overload,True
site-105-case-04,105,alarm_overload,alarm,clean,full_inverter,overload,unknown,False
site-105-case-04,105,alarm_overload,alarm,clean,recent_inverter,overload,unknown,False
site-105-case-04,105,alarm_overload,alarm,moderate,full_cross,overload,overload,True
site-105-case-04,105,alarm_overload,alarm,moderate,recent_cross,overload,overload,True
site-105-case-04,105,alarm_overload,alarm,moderate,full_inverter,overload,unknown,False
site-105-case-04,105,alarm_overload,alarm,moderate,recent_inverter,overload,unknown,False
site-105-case-04,105,alarm_overload,alarm,severe,full_cross,overload,overload,True
site-105-case-04,105,alarm_overload,alarm,severe,recent_cross,overload,overload,True
site-105-case-04,105,alarm_overload,alarm,severe,full_inverter,overload,unknown,False
site-105-case-04,105,alarm_overload,alarm,severe,recent_inverter,overload,unknown,False
site-105-case-05,105,alarm_thermal,alarm,clean,full_cross,thermal,thermal,True
site-105-case-05,105,alarm_thermal,alarm,clean,recent_cross,thermal,thermal,True
site-105-case-05,105,alarm_thermal,alarm,clean,full_inverter,thermal,thermal,True
site-105-case-05,105,alarm_thermal,alarm,clean,recent_inverter,thermal,thermal,True
site-105-case-05,105,alarm_thermal,alarm,moderate,full_cross,thermal,thermal,True
site-105-case-05,105,alarm_thermal,alarm,moderate,recent_cross,thermal,thermal,True
site-105-case-05,105,alarm_thermal,alarm,moderate,full_inverter,thermal,thermal,True
site-105-case-05,105,alarm_thermal,alarm,moderate,recent_inverter,thermal,thermal,True
site-105-case-05,105,alarm_thermal,alarm,severe,full_cross,thermal,thermal,True
site-105-case-05,105,alarm_thermal,alarm,severe,recent_cross,thermal,thermal,True
site-105-case-05,105,alarm_thermal,alarm,severe,full_inverter,thermal,thermal,True
site-105-case-05,105,alarm_thermal,alarm,severe,recent_inverter,thermal,thermal,True
site-105-case-06,105,alarm_unexplained,alarm,clean,full_cross,unknown,unknown,True
site-105-case-06,105,alarm_unexplained,alarm,clean,recent_cross,unknown,unknown,True
site-105-case-06,105,alarm_unexplained,alarm,clean,full_inverter,unknown,unknown,True
site-105-case-06,105,alarm_unexplained,alarm,clean,recent_inverter,unknown,unknown,True
site-105-case-06,105,alarm_unexplained,alarm,moderate,full_cross,unknown,unknown,True
site-105-case-06,105,alarm_unexplained,alarm,moderate,recent_cross,unknown,unknown,True
site-105-case-06,105,alarm_unexplained,alarm,moderate,full_inverter,unknown,unknown,True
site-105-case-06,105,alarm_unexplained,alarm,moderate,recent_inverter,unknown,unknown,True
site-105-case-06,105,alarm_unexplained,alarm,severe,full_cross,unknown,unknown,True
site-105-case-06,105,alarm_unexplained,alarm,severe,recent_cross,unknown,unknown,True
site-105-case-06,105,alarm_unexplained,alarm,severe,full_inverter,unknown,unknown,True
site-105-case-06,105,alarm_unexplained,alarm,severe,recent_inverter,unknown,unknown,True
site-105-case-07,105,trend_stable,pv_trend,clean,full_cross,normal,normal,True
site-105-case-07,105,trend_stable,pv_trend,clean,recent_cross,normal,unknown,False
site-105-case-07,105,trend_stable,pv_trend,clean,full_inverter,normal,normal,True
site-105-case-07,105,trend_stable,pv_trend,clean,recent_inverter,normal,unknown,False
site-105-case-07,105,trend_stable,pv_trend,moderate,full_cross,normal,normal,True
site-105-case-07,105,trend_stable,pv_trend,moderate,recent_cross,normal,unknown,False
site-105-case-07,105,trend_stable,pv_trend,moderate,full_inverter,normal,normal,True
site-105-case-07,105,trend_stable,pv_trend,moderate,recent_inverter,normal,unknown,False
site-105-case-07,105,trend_stable,pv_trend,severe,full_cross,normal,normal,True
site-105-case-07,105,trend_stable,pv_trend,severe,recent_cross,normal,unknown,False
site-105-case-07,105,trend_stable,pv_trend,severe,full_inverter,normal,normal,True
site-105-case-07,105,trend_stable,pv_trend,severe,recent_inverter,normal,unknown,False
site-105-case-08,105,trend_decline,pv_trend,clean,full_cross,pv_decline,pv_decline,True
site-105-case-08,105,trend_decline,pv_trend,clean,recent_cross,pv_decline,unknown,False
site-105-case-08,105,trend_decline,pv_trend,clean,full_inverter,pv_decline,pv_decline,True
site-105-case-08,105,trend_decline,pv_trend,clean,recent_inverter,pv_decline,unknown,False
site-105-case-08,105,trend_decline,pv_trend,moderate,full_cross,pv_decline,pv_decline,True
site-105-case-08,105,trend_decline,pv_trend,moderate,recent_cross,pv_decline,unknown,False
site-105-case-08,105,trend_decline,pv_trend,moderate,full_inverter,pv_decline,pv_decline,True
site-105-case-08,105,trend_decline,pv_trend,moderate,recent_inverter,pv_decline,unknown,False
site-105-case-08,105,trend_decline,pv_trend,severe,full_cross,pv_decline,pv_decline,True
site-105-case-08,105,trend_decline,pv_trend,severe,recent_cross,pv_decline,unknown,False
site-105-case-08,105,trend_decline,pv_trend,severe,full_inverter,pv_decline,pv_decline,True
site-105-case-08,105,trend_decline,pv_trend,severe,recent_inverter,pv_decline,unknown,False
site-105-case-09,105,trend_weather,pv_trend,clean,full_cross,normal,normal,True
site-105-case-09,105,trend_weather,pv_trend,clean,recent_cross,normal,unknown,False
site-105-case-09,105,trend_weather,pv_trend,clean,full_inverter,normal,pv_decline,False
site-105-case-09,105,trend_weather,pv_trend,clean,recent_inverter,normal,unknown,False
site-105-case-09,105,trend_weather,pv_trend,moderate,full_cross,normal,normal,True
site-105-case-09,105,trend_weather,pv_trend,moderate,recent_cross,normal,unknown,False
site-105-case-09,105,trend_weather,pv_trend,moderate,full_inverter,normal,pv_decline,False
site-105-case-09,105,trend_weather,pv_trend,moderate,recent_inverter,normal,unknown,False
site-105-case-09,105,trend_weather,pv_trend,severe,full_cross,normal,normal,True
site-105-case-09,105,trend_weather,pv_trend,severe,recent_cross,normal,unknown,False
site-105-case-09,105,trend_weather,pv_trend,severe,full_inverter,normal,pv_decline,False
site-105-case-09,105,trend_weather,pv_trend,severe,recent_inverter,normal,unknown,False
site-105-case-10,105,trend_low_efficiency,pv_trend,clean,full_cross,normal,normal,True
site-105-case-10,105,trend_low_efficiency,pv_trend,clean,recent_cross,normal,unknown,False
site-105-case-10,105,trend_low_efficiency,pv_trend,clean,full_inverter,normal,normal,True
site-105-case-10,105,trend_low_efficiency,pv_trend,clean,recent_inverter,normal,unknown,False
site-105-case-10,105,trend_low_efficiency,pv_trend,moderate,full_cross,normal,normal,True
site-105-case-10,105,trend_low_efficiency,pv_trend,moderate,recent_cross,normal,unknown,False
site-105-case-10,105,trend_low_efficiency,pv_trend,moderate,full_inverter,normal,normal,True
site-105-case-10,105,trend_low_efficiency,pv_trend,moderate,recent_inverter,normal,unknown,False
site-105-case-10,105,trend_low_efficiency,pv_trend,severe,full_cross,normal,normal,True
site-105-case-10,105,trend_low_efficiency,pv_trend,severe,recent_cross,normal,unknown,False
site-105-case-10,105,trend_low_efficiency,pv_trend,severe,full_inverter,normal,normal,True
site-105-case-10,105,trend_low_efficiency,pv_trend,severe,recent_inverter,normal,unknown,False
site-105-case-11,105,day_missing,daily_output,clean,full_cross,unknown,unknown,True
site-105-case-11,105,day_missing,daily_output,clean,recent_cross,unknown,unknown,True
site-105-case-11,105,day_missing,daily_output,clean,full_inverter,unknown,unknown,True
site-105-case-11,105,day_missing,daily_output,clean,recent_inverter,unknown,unknown,True
site-105-case-11,105,day_missing,daily_output,moderate,full_cross,unknown,unknown,True
site-105-case-11,105,day_missing,daily_output,moderate,recent_cross,unknown,unknown,True
site-105-case-11,105,day_missing,daily_output,moderate,full_inverter,unknown,unknown,True
site-105-case-11,105,day_missing,daily_output,moderate,recent_inverter,unknown,unknown,True
site-105-case-11,105,day_missing,daily_output,severe,full_cross,unknown,unknown,True
site-105-case-11,105,day_missing,daily_output,severe,recent_cross,unknown,unknown,True
site-105-case-11,105,day_missing,daily_output,severe,full_inverter,unknown,unknown,True
site-105-case-11,105,day_missing,daily_output,severe,recent_inverter,unknown,unknown,True
site-106-case-00,106,day_normal,daily_output,clean,full_cross,normal,normal,True
site-106-case-00,106,day_normal,daily_output,clean,recent_cross,normal,unknown,False
site-106-case-00,106,day_normal,daily_output,clean,full_inverter,normal,normal,True
site-106-case-00,106,day_normal,daily_output,clean,recent_inverter,normal,unknown,False
site-106-case-00,106,day_normal,daily_output,moderate,full_cross,normal,normal,True
site-106-case-00,106,day_normal,daily_output,moderate,recent_cross,normal,unknown,False
site-106-case-00,106,day_normal,daily_output,moderate,full_inverter,normal,normal,True
site-106-case-00,106,day_normal,daily_output,moderate,recent_inverter,normal,unknown,False
site-106-case-00,106,day_normal,daily_output,severe,full_cross,normal,normal,True
site-106-case-00,106,day_normal,daily_output,severe,recent_cross,normal,unknown,False
site-106-case-00,106,day_normal,daily_output,severe,full_inverter,normal,normal,True
site-106-case-00,106,day_normal,daily_output,severe,recent_inverter,normal,unknown,False
site-106-case-01,106,day_weather,daily_output,clean,full_cross,weather_loss,weather_loss,True
site-106-case-01,106,day_weather,daily_output,clean,recent_cross,weather_loss,unknown,False
site-106-case-01,106,day_weather,daily_output,clean,full_inverter,weather_loss,unknown,False
site-106-case-01,106,day_weather,daily_output,clean,recent_inverter,weather_loss,unknown,False
site-106-case-01,106,day_weather,daily_output,moderate,full_cross,weather_loss,weather_loss,True
site-106-case-01,106,day_weather,daily_output,moderate,recent_cross,weather_loss,unknown,False
site-106-case-01,106,day_weather,daily_output,moderate,full_inverter,weather_loss,unknown,False
site-106-case-01,106,day_weather,daily_output,moderate,recent_inverter,weather_loss,unknown,False
site-106-case-01,106,day_weather,daily_output,severe,full_cross,weather_loss,weather_loss,True
site-106-case-01,106,day_weather,daily_output,severe,recent_cross,weather_loss,unknown,False
site-106-case-01,106,day_weather,daily_output,severe,full_inverter,weather_loss,unknown,False
site-106-case-01,106,day_weather,daily_output,severe,recent_inverter,weather_loss,unknown,False
site-106-case-02,106,day_derating,daily_output,clean,full_cross,pv_loss,pv_loss,True
site-106-case-02,106,day_derating,daily_output,clean,recent_cross,pv_loss,pv_loss,True
site-106-case-02,106,day_derating,daily_output,clean,full_inverter,pv_loss,unknown,False
site-106-case-02,106,day_derating,daily_output,clean,recent_inverter,pv_loss,unknown,False
site-106-case-02,106,day_derating,daily_output,moderate,full_cross,pv_loss,pv_loss,True
site-106-case-02,106,day_derating,daily_output,moderate,recent_cross,pv_loss,pv_loss,True
site-106-case-02,106,day_derating,daily_output,moderate,full_inverter,pv_loss,unknown,False
site-106-case-02,106,day_derating,daily_output,moderate,recent_inverter,pv_loss,unknown,False
site-106-case-02,106,day_derating,daily_output,severe,full_cross,pv_loss,pv_loss,True
site-106-case-02,106,day_derating,daily_output,severe,recent_cross,pv_loss,pv_loss,True
site-106-case-02,106,day_derating,daily_output,severe,full_inverter,pv_loss,unknown,False
site-106-case-02,106,day_derating,daily_output,severe,recent_inverter,pv_loss,unknown,False
site-106-case-03,106,alarm_normal,alarm,clean,full_cross,normal,normal,True
site-106-case-03,106,alarm_normal,alarm,clean,recent_cross,normal,normal,True
site-106-case-03,106,alarm_normal,alarm,clean,full_inverter,normal,normal,True
site-106-case-03,106,alarm_normal,alarm,clean,recent_inverter,normal,normal,True
site-106-case-03,106,alarm_normal,alarm,moderate,full_cross,normal,normal,True
site-106-case-03,106,alarm_normal,alarm,moderate,recent_cross,normal,normal,True
site-106-case-03,106,alarm_normal,alarm,moderate,full_inverter,normal,normal,True
site-106-case-03,106,alarm_normal,alarm,moderate,recent_inverter,normal,normal,True
site-106-case-03,106,alarm_normal,alarm,severe,full_cross,normal,normal,True
site-106-case-03,106,alarm_normal,alarm,severe,recent_cross,normal,normal,True
site-106-case-03,106,alarm_normal,alarm,severe,full_inverter,normal,normal,True
site-106-case-03,106,alarm_normal,alarm,severe,recent_inverter,normal,normal,True
site-106-case-04,106,alarm_overload,alarm,clean,full_cross,overload,overload,True
site-106-case-04,106,alarm_overload,alarm,clean,recent_cross,overload,overload,True
site-106-case-04,106,alarm_overload,alarm,clean,full_inverter,overload,unknown,False
site-106-case-04,106,alarm_overload,alarm,clean,recent_inverter,overload,unknown,False
site-106-case-04,106,alarm_overload,alarm,moderate,full_cross,overload,overload,True
site-106-case-04,106,alarm_overload,alarm,moderate,recent_cross,overload,overload,True
site-106-case-04,106,alarm_overload,alarm,moderate,full_inverter,overload,unknown,False
site-106-case-04,106,alarm_overload,alarm,moderate,recent_inverter,overload,unknown,False
site-106-case-04,106,alarm_overload,alarm,severe,full_cross,overload,overload,True
site-106-case-04,106,alarm_overload,alarm,severe,recent_cross,overload,overload,True
site-106-case-04,106,alarm_overload,alarm,severe,full_inverter,overload,unknown,False
site-106-case-04,106,alarm_overload,alarm,severe,recent_inverter,overload,unknown,False
site-106-case-05,106,alarm_thermal,alarm,clean,full_cross,thermal,thermal,True
site-106-case-05,106,alarm_thermal,alarm,clean,recent_cross,thermal,thermal,True
site-106-case-05,106,alarm_thermal,alarm,clean,full_inverter,thermal,thermal,True
site-106-case-05,106,alarm_thermal,alarm,clean,recent_inverter,thermal,thermal,True
site-106-case-05,106,alarm_thermal,alarm,moderate,full_cross,thermal,thermal,True
site-106-case-05,106,alarm_thermal,alarm,moderate,recent_cross,thermal,thermal,True
site-106-case-05,106,alarm_thermal,alarm,moderate,full_inverter,thermal,thermal,True
site-106-case-05,106,alarm_thermal,alarm,moderate,recent_inverter,thermal,thermal,True
site-106-case-05,106,alarm_thermal,alarm,severe,full_cross,thermal,thermal,True
site-106-case-05,106,alarm_thermal,alarm,severe,recent_cross,thermal,thermal,True
site-106-case-05,106,alarm_thermal,alarm,severe,full_inverter,thermal,thermal,True
site-106-case-05,106,alarm_thermal,alarm,severe,recent_inverter,thermal,thermal,True
site-106-case-06,106,alarm_unexplained,alarm,clean,full_cross,unknown,unknown,True
site-106-case-06,106,alarm_unexplained,alarm,clean,recent_cross,unknown,unknown,True
site-106-case-06,106,alarm_unexplained,alarm,clean,full_inverter,unknown,unknown,True
site-106-case-06,106,alarm_unexplained,alarm,clean,recent_inverter,unknown,unknown,True
site-106-case-06,106,alarm_unexplained,alarm,moderate,full_cross,unknown,unknown,True
site-106-case-06,106,alarm_unexplained,alarm,moderate,recent_cross,unknown,unknown,True
site-106-case-06,106,alarm_unexplained,alarm,moderate,full_inverter,unknown,unknown,True
site-106-case-06,106,alarm_unexplained,alarm,moderate,recent_inverter,unknown,unknown,True
site-106-case-06,106,alarm_unexplained,alarm,severe,full_cross,unknown,unknown,True
site-106-case-06,106,alarm_unexplained,alarm,severe,recent_cross,unknown,unknown,True
site-106-case-06,106,alarm_unexplained,alarm,severe,full_inverter,unknown,unknown,True
site-106-case-06,106,alarm_unexplained,alarm,severe,recent_inverter,unknown,unknown,True
site-106-case-07,106,trend_stable,pv_trend,clean,full_cross,normal,normal,True
site-106-case-07,106,trend_stable,pv_trend,clean,recent_cross,normal,unknown,False
site-106-case-07,106,trend_stable,pv_trend,clean,full_inverter,normal,normal,True
site-106-case-07,106,trend_stable,pv_trend,clean,recent_inverter,normal,unknown,False
site-106-case-07,106,trend_stable,pv_trend,moderate,full_cross,normal,normal,True
site-106-case-07,106,trend_stable,pv_trend,moderate,recent_cross,normal,unknown,False
site-106-case-07,106,trend_stable,pv_trend,moderate,full_inverter,normal,normal,True
site-106-case-07,106,trend_stable,pv_trend,moderate,recent_inverter,normal,unknown,False
site-106-case-07,106,trend_stable,pv_trend,severe,full_cross,normal,normal,True
site-106-case-07,106,trend_stable,pv_trend,severe,recent_cross,normal,unknown,False
site-106-case-07,106,trend_stable,pv_trend,severe,full_inverter,normal,normal,True
site-106-case-07,106,trend_stable,pv_trend,severe,recent_inverter,normal,unknown,False
site-106-case-08,106,trend_decline,pv_trend,clean,full_cross,pv_decline,pv_decline,True
site-106-case-08,106,trend_decline,pv_trend,clean,recent_cross,pv_decline,unknown,False
site-106-case-08,106,trend_decline,pv_trend,clean,full_inverter,pv_decline,pv_decline,True
site-106-case-08,106,trend_decline,pv_trend,clean,recent_inverter,pv_decline,unknown,False
site-106-case-08,106,trend_decline,pv_trend,moderate,full_cross,pv_decline,pv_decline,True
site-106-case-08,106,trend_decline,pv_trend,moderate,recent_cross,pv_decline,unknown,False
site-106-case-08,106,trend_decline,pv_trend,moderate,full_inverter,pv_decline,pv_decline,True
site-106-case-08,106,trend_decline,pv_trend,moderate,recent_inverter,pv_decline,unknown,False
site-106-case-08,106,trend_decline,pv_trend,severe,full_cross,pv_decline,pv_decline,True
site-106-case-08,106,trend_decline,pv_trend,severe,recent_cross,pv_decline,unknown,False
site-106-case-08,106,trend_decline,pv_trend,severe,full_inverter,pv_decline,pv_decline,True
site-106-case-08,106,trend_decline,pv_trend,severe,recent_inverter,pv_decline,unknown,False
site-106-case-09,106,trend_weather,pv_trend,clean,full_cross,normal,normal,True
site-106-case-09,106,trend_weather,pv_trend,clean,recent_cross,normal,unknown,False
site-106-case-09,106,trend_weather,pv_trend,clean,full_inverter,normal,pv_decline,False
site-106-case-09,106,trend_weather,pv_trend,clean,recent_inverter,normal,unknown,False
site-106-case-09,106,trend_weather,pv_trend,moderate,full_cross,normal,normal,True
site-106-case-09,106,trend_weather,pv_trend,moderate,recent_cross,normal,unknown,False
site-106-case-09,106,trend_weather,pv_trend,moderate,full_inverter,normal,pv_decline,False
site-106-case-09,106,trend_weather,pv_trend,moderate,recent_inverter,normal,unknown,False
site-106-case-09,106,trend_weather,pv_trend,severe,full_cross,normal,normal,True
site-106-case-09,106,trend_weather,pv_trend,severe,recent_cross,normal,unknown,False
site-106-case-09,106,trend_weather,pv_trend,severe,full_inverter,normal,pv_decline,False
site-106-case-09,106,trend_weather,pv_trend,severe,recent_inverter,normal,unknown,False
site-106-case-10,106,trend_low_efficiency,pv_trend,clean,full_cross,normal,normal,True
site-106-case-10,106,trend_low_efficiency,pv_trend,clean,recent_cross,normal,unknown,False
site-106-case-10,106,trend_low_efficiency,pv_trend,clean,full_inverter,normal,normal,True
site-106-case-10,106,trend_low_efficiency,pv_trend,clean,recent_inverter,normal,unknown,False
site-106-case-10,106,trend_low_efficiency,pv_trend,moderate,full_cross,normal,normal,True
site-106-case-10,106,trend_low_efficiency,pv_trend,moderate,recent_cross,normal,unknown,False
site-106-case-10,106,trend_low_efficiency,pv_trend,moderate,full_inverter,normal,normal,True
site-106-case-10,106,trend_low_efficiency,pv_trend,moderate,recent_inverter,normal,unknown,False
site-106-case-10,106,trend_low_efficiency,pv_trend,severe,full_cross,normal,normal,True
site-106-case-10,106,trend_low_efficiency,pv_trend,severe,recent_cross,normal,unknown,False
site-106-case-10,106,trend_low_efficiency,pv_trend,severe,full_inverter,normal,normal,True
site-106-case-10,106,trend_low_efficiency,pv_trend,severe,recent_inverter,normal,unknown,False
site-106-case-11,106,day_missing,daily_output,clean,full_cross,unknown,unknown,True
site-106-case-11,106,day_missing,daily_output,clean,recent_cross,unknown,unknown,True
site-106-case-11,106,day_missing,daily_output,clean,full_inverter,unknown,unknown,True
site-106-case-11,106,day_missing,daily_output,clean,recent_inverter,unknown,unknown,True
site-106-case-11,106,day_missing,daily_output,moderate,full_cross,unknown,unknown,True
site-106-case-11,106,day_missing,daily_output,moderate,recent_cross,unknown,unknown,True
site-106-case-11,106,day_missing,daily_output,moderate,full_inverter,unknown,unknown,True
site-106-case-11,106,day_missing,daily_output,moderate,recent_inverter,unknown,unknown,True
site-106-case-11,106,day_missing,daily_output,severe,full_cross,unknown,unknown,True
site-106-case-11,106,day_missing,daily_output,severe,recent_cross,unknown,unknown,True
site-106-case-11,106,day_missing,daily_output,severe,full_inverter,unknown,unknown,True
site-106-case-11,106,day_missing,daily_output,severe,recent_inverter,unknown,unknown,True
site-107-case-00,107,day_normal,daily_output,clean,full_cross,normal,normal,True
site-107-case-00,107,day_normal,daily_output,clean,recent_cross,normal,unknown,False
site-107-case-00,107,day_normal,daily_output,clean,full_inverter,normal,normal,True
site-107-case-00,107,day_normal,daily_output,clean,recent_inverter,normal,unknown,False
site-107-case-00,107,day_normal,daily_output,moderate,full_cross,normal,normal,True
site-107-case-00,107,day_normal,daily_output,moderate,recent_cross,normal,unknown,False
site-107-case-00,107,day_normal,daily_output,moderate,full_inverter,normal,normal,True
site-107-case-00,107,day_normal,daily_output,moderate,recent_inverter,normal,unknown,False
site-107-case-00,107,day_normal,daily_output,severe,full_cross,normal,unknown,False
site-107-case-00,107,day_normal,daily_output,severe,recent_cross,normal,unknown,False
site-107-case-00,107,day_normal,daily_output,severe,full_inverter,normal,normal,True
site-107-case-00,107,day_normal,daily_output,severe,recent_inverter,normal,unknown,False
site-107-case-01,107,day_weather,daily_output,clean,full_cross,weather_loss,weather_loss,True
site-107-case-01,107,day_weather,daily_output,clean,recent_cross,weather_loss,unknown,False
site-107-case-01,107,day_weather,daily_output,clean,full_inverter,weather_loss,unknown,False
site-107-case-01,107,day_weather,daily_output,clean,recent_inverter,weather_loss,unknown,False
site-107-case-01,107,day_weather,daily_output,moderate,full_cross,weather_loss,weather_loss,True
site-107-case-01,107,day_weather,daily_output,moderate,recent_cross,weather_loss,unknown,False
site-107-case-01,107,day_weather,daily_output,moderate,full_inverter,weather_loss,unknown,False
site-107-case-01,107,day_weather,daily_output,moderate,recent_inverter,weather_loss,unknown,False
site-107-case-01,107,day_weather,daily_output,severe,full_cross,weather_loss,weather_loss,True
site-107-case-01,107,day_weather,daily_output,severe,recent_cross,weather_loss,unknown,False
site-107-case-01,107,day_weather,daily_output,severe,full_inverter,weather_loss,unknown,False
site-107-case-01,107,day_weather,daily_output,severe,recent_inverter,weather_loss,unknown,False
site-107-case-02,107,day_derating,daily_output,clean,full_cross,pv_loss,pv_loss,True
site-107-case-02,107,day_derating,daily_output,clean,recent_cross,pv_loss,pv_loss,True
site-107-case-02,107,day_derating,daily_output,clean,full_inverter,pv_loss,unknown,False
site-107-case-02,107,day_derating,daily_output,clean,recent_inverter,pv_loss,unknown,False
site-107-case-02,107,day_derating,daily_output,moderate,full_cross,pv_loss,pv_loss,True
site-107-case-02,107,day_derating,daily_output,moderate,recent_cross,pv_loss,pv_loss,True
site-107-case-02,107,day_derating,daily_output,moderate,full_inverter,pv_loss,unknown,False
site-107-case-02,107,day_derating,daily_output,moderate,recent_inverter,pv_loss,unknown,False
site-107-case-02,107,day_derating,daily_output,severe,full_cross,pv_loss,unknown,False
site-107-case-02,107,day_derating,daily_output,severe,recent_cross,pv_loss,unknown,False
site-107-case-02,107,day_derating,daily_output,severe,full_inverter,pv_loss,unknown,False
site-107-case-02,107,day_derating,daily_output,severe,recent_inverter,pv_loss,unknown,False
site-107-case-03,107,alarm_normal,alarm,clean,full_cross,normal,normal,True
site-107-case-03,107,alarm_normal,alarm,clean,recent_cross,normal,normal,True
site-107-case-03,107,alarm_normal,alarm,clean,full_inverter,normal,normal,True
site-107-case-03,107,alarm_normal,alarm,clean,recent_inverter,normal,normal,True
site-107-case-03,107,alarm_normal,alarm,moderate,full_cross,normal,normal,True
site-107-case-03,107,alarm_normal,alarm,moderate,recent_cross,normal,normal,True
site-107-case-03,107,alarm_normal,alarm,moderate,full_inverter,normal,normal,True
site-107-case-03,107,alarm_normal,alarm,moderate,recent_inverter,normal,normal,True
site-107-case-03,107,alarm_normal,alarm,severe,full_cross,normal,normal,True
site-107-case-03,107,alarm_normal,alarm,severe,recent_cross,normal,normal,True
site-107-case-03,107,alarm_normal,alarm,severe,full_inverter,normal,normal,True
site-107-case-03,107,alarm_normal,alarm,severe,recent_inverter,normal,normal,True
site-107-case-04,107,alarm_overload,alarm,clean,full_cross,overload,overload,True
site-107-case-04,107,alarm_overload,alarm,clean,recent_cross,overload,overload,True
site-107-case-04,107,alarm_overload,alarm,clean,full_inverter,overload,unknown,False
site-107-case-04,107,alarm_overload,alarm,clean,recent_inverter,overload,unknown,False
site-107-case-04,107,alarm_overload,alarm,moderate,full_cross,overload,overload,True
site-107-case-04,107,alarm_overload,alarm,moderate,recent_cross,overload,overload,True
site-107-case-04,107,alarm_overload,alarm,moderate,full_inverter,overload,unknown,False
site-107-case-04,107,alarm_overload,alarm,moderate,recent_inverter,overload,unknown,False
site-107-case-04,107,alarm_overload,alarm,severe,full_cross,overload,overload,True
site-107-case-04,107,alarm_overload,alarm,severe,recent_cross,overload,overload,True
site-107-case-04,107,alarm_overload,alarm,severe,full_inverter,overload,unknown,False
site-107-case-04,107,alarm_overload,alarm,severe,recent_inverter,overload,unknown,False
site-107-case-05,107,alarm_thermal,alarm,clean,full_cross,thermal,thermal,True
site-107-case-05,107,alarm_thermal,alarm,clean,recent_cross,thermal,thermal,True
site-107-case-05,107,alarm_thermal,alarm,clean,full_inverter,thermal,thermal,True
site-107-case-05,107,alarm_thermal,alarm,clean,recent_inverter,thermal,thermal,True
site-107-case-05,107,alarm_thermal,alarm,moderate,full_cross,thermal,thermal,True
site-107-case-05,107,alarm_thermal,alarm,moderate,recent_cross,thermal,thermal,True
site-107-case-05,107,alarm_thermal,alarm,moderate,full_inverter,thermal,thermal,True
site-107-case-05,107,alarm_thermal,alarm,moderate,recent_inverter,thermal,thermal,True
site-107-case-05,107,alarm_thermal,alarm,severe,full_cross,thermal,thermal,True
site-107-case-05,107,alarm_thermal,alarm,severe,recent_cross,thermal,thermal,True
site-107-case-05,107,alarm_thermal,alarm,severe,full_inverter,thermal,thermal,True
site-107-case-05,107,alarm_thermal,alarm,severe,recent_inverter,thermal,thermal,True
site-107-case-06,107,alarm_unexplained,alarm,clean,full_cross,unknown,unknown,True
site-107-case-06,107,alarm_unexplained,alarm,clean,recent_cross,unknown,unknown,True
site-107-case-06,107,alarm_unexplained,alarm,clean,full_inverter,unknown,unknown,True
site-107-case-06,107,alarm_unexplained,alarm,clean,recent_inverter,unknown,unknown,True
site-107-case-06,107,alarm_unexplained,alarm,moderate,full_cross,unknown,unknown,True
site-107-case-06,107,alarm_unexplained,alarm,moderate,recent_cross,unknown,unknown,True
site-107-case-06,107,alarm_unexplained,alarm,moderate,full_inverter,unknown,unknown,True
site-107-case-06,107,alarm_unexplained,alarm,moderate,recent_inverter,unknown,unknown,True
site-107-case-06,107,alarm_unexplained,alarm,severe,full_cross,unknown,unknown,True
site-107-case-06,107,alarm_unexplained,alarm,severe,recent_cross,unknown,unknown,True
site-107-case-06,107,alarm_unexplained,alarm,severe,full_inverter,unknown,unknown,True
site-107-case-06,107,alarm_unexplained,alarm,severe,recent_inverter,unknown,unknown,True
site-107-case-07,107,trend_stable,pv_trend,clean,full_cross,normal,normal,True
site-107-case-07,107,trend_stable,pv_trend,clean,recent_cross,normal,unknown,False
site-107-case-07,107,trend_stable,pv_trend,clean,full_inverter,normal,pv_decline,False
site-107-case-07,107,trend_stable,pv_trend,clean,recent_inverter,normal,unknown,False
site-107-case-07,107,trend_stable,pv_trend,moderate,full_cross,normal,normal,True
site-107-case-07,107,trend_stable,pv_trend,moderate,recent_cross,normal,unknown,False
site-107-case-07,107,trend_stable,pv_trend,moderate,full_inverter,normal,normal,True
site-107-case-07,107,trend_stable,pv_trend,moderate,recent_inverter,normal,unknown,False
site-107-case-07,107,trend_stable,pv_trend,severe,full_cross,normal,normal,True
site-107-case-07,107,trend_stable,pv_trend,severe,recent_cross,normal,unknown,False
site-107-case-07,107,trend_stable,pv_trend,severe,full_inverter,normal,normal,True
site-107-case-07,107,trend_stable,pv_trend,severe,recent_inverter,normal,unknown,False
site-107-case-08,107,trend_decline,pv_trend,clean,full_cross,pv_decline,pv_decline,True
site-107-case-08,107,trend_decline,pv_trend,clean,recent_cross,pv_decline,unknown,False
site-107-case-08,107,trend_decline,pv_trend,clean,full_inverter,pv_decline,pv_decline,True
site-107-case-08,107,trend_decline,pv_trend,clean,recent_inverter,pv_decline,unknown,False
site-107-case-08,107,trend_decline,pv_trend,moderate,full_cross,pv_decline,pv_decline,True
site-107-case-08,107,trend_decline,pv_trend,moderate,recent_cross,pv_decline,unknown,False
site-107-case-08,107,trend_decline,pv_trend,moderate,full_inverter,pv_decline,pv_decline,True
site-107-case-08,107,trend_decline,pv_trend,moderate,recent_inverter,pv_decline,unknown,False
site-107-case-08,107,trend_decline,pv_trend,severe,full_cross,pv_decline,pv_decline,True
site-107-case-08,107,trend_decline,pv_trend,severe,recent_cross,pv_decline,unknown,False
site-107-case-08,107,trend_decline,pv_trend,severe,full_inverter,pv_decline,pv_decline,True
site-107-case-08,107,trend_decline,pv_trend,severe,recent_inverter,pv_decline,unknown,False
site-107-case-09,107,trend_weather,pv_trend,clean,full_cross,normal,normal,True
site-107-case-09,107,trend_weather,pv_trend,clean,recent_cross,normal,unknown,False
site-107-case-09,107,trend_weather,pv_trend,clean,full_inverter,normal,pv_decline,False
site-107-case-09,107,trend_weather,pv_trend,clean,recent_inverter,normal,unknown,False
site-107-case-09,107,trend_weather,pv_trend,moderate,full_cross,normal,normal,True
site-107-case-09,107,trend_weather,pv_trend,moderate,recent_cross,normal,unknown,False
site-107-case-09,107,trend_weather,pv_trend,moderate,full_inverter,normal,pv_decline,False
site-107-case-09,107,trend_weather,pv_trend,moderate,recent_inverter,normal,unknown,False
site-107-case-09,107,trend_weather,pv_trend,severe,full_cross,normal,normal,True
site-107-case-09,107,trend_weather,pv_trend,severe,recent_cross,normal,unknown,False
site-107-case-09,107,trend_weather,pv_trend,severe,full_inverter,normal,pv_decline,False
site-107-case-09,107,trend_weather,pv_trend,severe,recent_inverter,normal,unknown,False
site-107-case-10,107,trend_low_efficiency,pv_trend,clean,full_cross,normal,normal,True
site-107-case-10,107,trend_low_efficiency,pv_trend,clean,recent_cross,normal,unknown,False
site-107-case-10,107,trend_low_efficiency,pv_trend,clean,full_inverter,normal,pv_decline,False
site-107-case-10,107,trend_low_efficiency,pv_trend,clean,recent_inverter,normal,unknown,False
site-107-case-10,107,trend_low_efficiency,pv_trend,moderate,full_cross,normal,normal,True
site-107-case-10,107,trend_low_efficiency,pv_trend,moderate,recent_cross,normal,unknown,False
site-107-case-10,107,trend_low_efficiency,pv_trend,moderate,full_inverter,normal,pv_decline,False
site-107-case-10,107,trend_low_efficiency,pv_trend,moderate,recent_inverter,normal,unknown,False
site-107-case-10,107,trend_low_efficiency,pv_trend,severe,full_cross,normal,normal,True
site-107-case-10,107,trend_low_efficiency,pv_trend,severe,recent_cross,normal,unknown,False
site-107-case-10,107,trend_low_efficiency,pv_trend,severe,full_inverter,normal,pv_decline,False
site-107-case-10,107,trend_low_efficiency,pv_trend,severe,recent_inverter,normal,unknown,False
site-107-case-11,107,day_missing,daily_output,clean,full_cross,unknown,unknown,True
site-107-case-11,107,day_missing,daily_output,clean,recent_cross,unknown,unknown,True
site-107-case-11,107,day_missing,daily_output,clean,full_inverter,unknown,unknown,True
site-107-case-11,107,day_missing,daily_output,clean,recent_inverter,unknown,unknown,True
site-107-case-11,107,day_missing,daily_output,moderate,full_cross,unknown,unknown,True
site-107-case-11,107,day_missing,daily_output,moderate,recent_cross,unknown,unknown,True
site-107-case-11,107,day_missing,daily_output,moderate,full_inverter,unknown,unknown,True
site-107-case-11,107,day_missing,daily_output,moderate,recent_inverter,unknown,unknown,True
site-107-case-11,107,day_missing,daily_output,severe,full_cross,unknown,unknown,True
site-107-case-11,107,day_missing,daily_output,severe,recent_cross,unknown,unknown,True
site-107-case-11,107,day_missing,daily_output,severe,full_inverter,unknown,unknown,True
site-107-case-11,107,day_missing,daily_output,severe,recent_inverter,unknown,unknown,True
